ticker,price,wk52_high,wk52_low,pos_in_range,rsi,sector,pe,tier,permanent_exit,error,ivr,entry_ok,held,held_accounts,held_puts,held_calls,real_yield
XOM,160.1,171.47,106.49,82.5,60.5,Energy,20.631443,Unmapped,False,,60.4,True,True,Account A (232):1,1,0,
WMT,115.27,134.2,96.05,50.4,63.4,Consumer Defensive,40.588028,Unmapped,False,,30.7,False,True,Account A (232):1,1,0,
UNH,401.73,436.35,259.02,80.5,39.3,Healthcare,25.834726,Unmapped,False,,7.5,False,True,Account A (232):2,2,0,
UBER,75.95,100.1,65.94,29.3,66.6,Technology,16.6557,EMERGING,False,,86.6,True,True,Account C (634):1; Robinhood (Traditional IRA):3,1,0,
TWLO,238.2,255.95,100.09,88.6,70.7,Technology,32.900555,Unmapped,False,,77.4,True,True,Account C (634):4,1,3,
TSM,426.35,477.57,227.33,79.5,64.5,Technology,32.15309,CORE,False,,45.4,True,True,Account B (275):1; Account C (634):1; Robinhood (Traditional IRA):1,2,0,
TSLA,342.27,489.88,298.32,22.9,70.4,Consumer Cyclical,311.15454,Unmapped,False,,75.9,True,True,Account B (275):1,1,0,"{'strike': 290.0, 'dte': 27, 'premium': 105.0, 'collateral': 29000.0, 'annualized_pct': np.float64(4.9)}"
TCOM,44.98,78.96,39.84,13.1,51.4,Consumer Cyclical,6.703428,Unmapped,False,,18.2,False,True,Account A (232):2; Account C (634):1; Fidelity (Rajul — Roth IRA):1,4,0,
STNE,9.55,19.46,9.55,0.0,30.1,Technology,3.8200002,Unmapped,False,,21.6,False,False,,0,0,
SPCX,140.0,211.39,108.27,30.8,63.3,Industrials,,Unmapped,False,,,,True,Account B (275):2; Account C (634):1; Fidelity (Rajul — Roth IRA):1; Vanguard (Rahul):1,5,0,
SONY,24.29,30.26,19.32,45.4,68.6,Technology,20.760685,Unmapped,False,,59.6,True,False,,0,0,
SMR,9.39,53.43,7.59,3.9,56.9,Industrials,,Unmapped,False,,41.7,True,True,Account C (634):1,1,0,"{'strike': 8.0, 'dte': 27, 'premium': 23.0, 'collateral': 800.0, 'annualized_pct': np.float64(38.9)}"
SLB,53.77,58.01,31.72,83.9,57.4,Energy,26.229269,Unmapped,False,,88.7,True,False,,0,0,
SKHY,166.33,193.92,126.79,58.9,60.9,Technology,22.326176,Unmapped,False,,,,False,,0,0,
SHOP,154.32,179.01,95.4,70.5,69.1,Technology,107.166664,EMERGING,False,,84.6,True,True,Fidelity (Rajul — Rollover IRA):1; Vanguard (Rahul):1,2,0,
RTX,222.97,224.12,151.75,98.4,61.0,Industrials,39.18629,EMERGING,False,,57.8,True,False,,0,0,
ROKU,157.68,157.68,82.93,100.0,85.9,Communication Services,66.53165,Unmapped,False,,5.1,False,False,,0,0,
RKLB,80.25,150.23,39.48,36.8,67.6,Industrials,,SPECULATIVE,False,,32.7,False,True,Account C (634):3; Fidelity (Rahul):2; Vanguard (Rahul):1,6,0,
RIOT,19.01,28.69,11.33,44.3,40.4,Financial Services,,SPECULATIVE,False,,83.4,True,True,Fidelity (Rahul):1; Robinhood (Individual):1; Vanguard (Rahul):1,2,0,
RGTI,18.82,56.34,12.9,13.6,65.2,Technology,,SPECULATIVE,False,,33.5,False,False,,0,0,
REGN,803.48,812.27,555.51,96.6,90.1,Healthcare,19.962236,Unmapped,False,,35.5,False,False,,0,0,
RBRK,102.23,105.09,43.81,95.3,81.6,Technology,,Unmapped,False,,71.7,True,True,Fidelity (Rajul — Rollover IRA):1; Robinhood (Traditional IRA):1,1,0,
QBTS,21.17,44.78,12.98,25.8,55.8,Technology,,SPECULATIVE,False,,56.2,True,False,,0,0,
PYPL,61.66,76.13,39.08,60.9,76.2,Financial Services,11.655954,Unmapped,True,,55.5,True,True,Account A (232):14; Fidelity (Rahul):1,0,15,
PL,24.69,51.4,6.38,40.7,69.4,Industrials,,Unmapped,False,,13.0,False,True,Account C (634):1; Fidelity (Rajul — Roth IRA):1,2,0,
PBR,17.88,22.03,11.54,60.4,48.6,Energy,4.515151,Unmapped,False,,46.0,True,False,,0,0,
ONDS,9.24,14.01,3.59,54.2,60.5,Technology,,Unmapped,False,,26.3,False,True,Robinhood (Individual):1,0,0,
OKTA,147.43,154.95,62.93,91.8,61.4,Technology,106.06474,CORE,False,,38.1,False,True,Account A (232):8; Fidelity (Rahul):1; Robinhood (Individual):1,2,7,
OKLO,44.38,174.14,36.84,5.5,53.7,Utilities,,SPECULATIVE,False,,40.0,True,True,Fidelity (Rahul):1; Fidelity (Rajul — Roth IRA):1,2,0,"{'strike': 38.0, 'dte': 27, 'premium': 110.5, 'collateral': 3800.0, 'annualized_pct': np.float64(39.3)}"
NVDA,225.16,235.74,165.17,85.0,75.4,Technology,34.480858,CORE,False,,61.0,True,True,Robinhood (Traditional IRA):2,0,0,
NU,15.23,18.76,11.6,50.7,58.0,Financial Services,19.037498,Unmapped,False,,67.6,True,False,,0,0,
NTRA,309.93,322.1,160.12,92.5,72.0,Healthcare,,EMERGING,False,,95.2,True,False,,0,0,
NFLX,78.16,126.32,67.6,18.0,72.9,Communication Services,24.578617,Unmapped,False,,50.8,True,True,Account A (232):16; Fidelity (Rajul — Rollover IRA):1,11,6,"{'strike': 66.0, 'dte': 27, 'premium': 9.5, 'collateral': 6600.0, 'annualized_pct': np.float64(1.9)}"
NBIS,277.68,286.69,64.06,96.0,67.2,Communication Services,,Unmapped,False,,92.2,True,True,Account C (634):1,1,0,
MSFT,495.4,542.07,352.83,75.3,84.8,Technology,27.706936,CORE,False,,87.8,True,True,Account A (232):3,2,1,
MRVL,222.02,316.43,62.31,62.8,63.6,Technology,76.29553,Unmapped,False,,50.0,True,False,,0,0,
MRK,135.84,135.84,77.6,100.0,66.9,Healthcare,108.672,Unmapped,False,,31.3,False,False,,0,0,
MPC,355.42,356.37,162.34,99.5,69.9,Energy,12.362435,Unmapped,False,,92.0,True,False,,0,0,
MP,58.74,98.65,38.1,34.1,76.6,Basic Materials,,Unmapped,False,,38.5,False,True,Account A (232):2; Fidelity (Rahul):1; Vanguard (Rahul):1,4,0,
MMYT,60.42,103.21,36.3,36.0,72.8,Consumer Cyclical,262.69565,Unmapped,False,,61.5,True,True,Account C (634):1; Fidelity (Rahul):1; Robinhood (Traditional IRA):1; Vanguard (Rahul):2,3,1,
META,589.85,785.23,525.72,24.7,48.8,Communication Services,22.224941,CORE,False,,78.4,True,True,Account A (232):1; Fidelity (Rahul):3,4,0,"{'strike': 500.0, 'dte': 27, 'premium': 84.5, 'collateral': 50000.0, 'annualized_pct': np.float64(2.3)}"
MA,569.29,598.96,471.55,76.7,63.6,Financial Services,31.348568,Unmapped,False,,39.4,False,True,Account A (232):1,1,0,
LLY,1180.16,1235.56,695.33,89.7,47.3,Healthcare,39.682583,Unmapped,False,,34.4,False,True,Account A (232):1,1,0,
LITE,926.14,1053.09,115.86,86.5,64.5,Technology,,Unmapped,False,,78.6,True,True,Account A (232):2; Vanguard (Rahul):1,3,0,
LASR,52.6,84.95,25.96,45.2,38.1,Technology,,Unmapped,False,,99.6,True,True,Fidelity (Rahul):1; Robinhood (Traditional IRA):1,1,0,
LAC,3.38,10.05,2.71,9.1,71.1,Basic Materials,,Unmapped,False,,6.5,False,False,,0,0,
KTOS,64.58,130.72,43.88,23.8,76.7,Industrials,379.88235,Unmapped,False,,44.7,True,False,,0,0,"{'strike': 55.0, 'dte': 27, 'premium': 100.0, 'collateral': 5500.0, 'annualized_pct': np.float64(24.6)}"
JPM,362.84,365.18,282.84,97.2,57.8,Financial Services,15.552507,Unmapped,False,,33.2,False,True,Account A (232):2,2,0,
JD,29.06,36.17,25.19,35.2,38.0,Consumer Cyclical,19.635134,Unmapped,False,,70.1,True,True,Account A (232):5; Fidelity (Rahul):1,3,3,
IONQ,46.26,82.09,26.59,35.4,69.6,Technology,,SPECULATIVE,False,,49.4,True,True,Account A (232):3; Account B (275):1; Account C (634):1; Fidelity (Rajul — Rollover IRA):1,4,2,
INTC,102.5,140.94,23.5,67.3,61.5,Technology,,Unmapped,False,,55.0,True,False,,0,0,
IBN,29.74,33.33,25.2,55.8,47.8,Financial Services,18.358025,Unmapped,False,,38.8,False,False,,0,0,
HUT,85.44,133.02,21.37,57.4,38.5,Financial Services,,SPECULATIVE,False,,72.3,True,True,Account B (275):1; Account C (634):1,2,0,
HOOD,95.56,152.46,65.16,34.8,49.9,Financial Services,44.036865,EMERGING,False,,34.6,False,True,Fidelity (Rahul):1,1,0,
HDB,23.37,37.72,23.01,2.4,52.9,Financial Services,16.229166,Unmapped,False,,89.9,True,False,,0,0,"{'strike': 20.0, 'dte': 34, 'premium': 5.0, 'collateral': 2000.0, 'annualized_pct': np.float64(2.7)}"
GOOG,343.54,399.04,200.19,72.1,59.2,Communication Services,17.237331,Unmapped,False,,91.2,True,False,,0,0,
GEV,1063.25,1174.86,547.96,82.2,60.6,Industrials,30.120398,CORE,False,,51.3,True,True,Account A (232):2; Fidelity (Rahul):1,3,0,
EXPE,332.69,332.69,188.51,100.0,76.3,Consumer Cyclical,20.9239,EMERGING,False,,28.3,False,True,Account A (232):1; Account B (275):1; Fidelity (Rajul — Rollover IRA):1,3,0,
ETN,451.51,459.96,315.82,94.1,67.5,Industrials,46.07245,Unmapped,False,,70.2,True,False,,0,0,
ELF,91.44,146.67,49.57,43.1,61.8,Consumer Defensive,93.30612,Unmapped,False,,21.9,False,True,Account A (232):2; Account B (275):1; Fidelity (Rahul):1,4,0,
CRWV,105.26,143.08,60.82,54.0,71.1,Technology,,Unmapped,False,,85.5,True,True,Account B (275):1,1,0,
CRWD,216.95,225.53,87.56,93.8,75.1,Technology,,CORE,False,,74.2,True,True,Account A (232):2; Account C (634):1,3,0,
COST,961.1,1094.32,850.0,45.5,54.8,Consumer Defensive,48.320763,Unmapped,False,,53.9,True,False,,0,0,
COIN,148.47,387.27,141.09,3.0,34.9,Financial Services,,EMERGING,False,,30.5,False,True,Account A (232):7; Fidelity (Rahul):3; Fidelity (Rajul — Roth IRA):1; Robinhood (Traditional IRA):1; Vanguard (Rahul):1,4,8,
CIFR,17.85,29.18,5.21,52.8,41.7,Technology,,SPECULATIVE,False,,96.3,True,True,Account B (275):2; Fidelity (Rahul):2; Fidelity (Rajul — Rollover IRA):1; Robinhood (Traditional IRA):1,5,0,
CCL,28.12,33.99,23.89,41.9,57.2,Consumer Cyclical,12.666667,Unmapped,False,,29.9,False,True,Robinhood (Traditional IRA):1,0,0,
CCJ,97.74,134.09,70.47,42.9,66.3,Energy,168.51724,Unmapped,False,,11.3,False,True,Account B (275):1; Account C (634):1; Fidelity (Rahul):1,3,0,
BWXT,173.22,238.42,157.44,19.5,47.0,Industrials,44.87565,Unmapped,False,,44.4,True,True,Account B (275):1; Fidelity (Rajul — Rollover IRA):1,2,0,"{'strike': 145.0, 'dte': 34, 'premium': 104.99999999999999, 'collateral': 14500.0, 'annualized_pct': np.float64(7.8)}"
BROS,52.02,74.24,46.69,19.3,21.7,Consumer Cyclical,71.26027,Unmapped,False,,93.0,True,False,,0,0,"{'strike': 45.0, 'dte': 27, 'premium': 22.5, 'collateral': 4500.0, 'annualized_pct': np.float64(6.8)}"
BRK.B,,,,,,,,,,no_history,,,False,,0,0,
BMY,63.83,65.89,42.6,91.2,55.8,Healthcare,14.059472,Unmapped,False,,72.6,True,False,,0,0,
BLK,1173.73,1202.59,922.9,89.7,77.8,Financial Services,28.093107,Unmapped,False,,67.4,True,False,,0,0,
BE,229.94,345.85,43.1,61.7,63.5,Industrials,302.55264,Unmapped,False,,70.0,True,True,Account A (232):4; Account B (275):1; Fidelity (Rahul):1; Fidelity (Rajul — Rollover IRA):1; Robinhood (Traditional IRA):1,6,1,
BABA,123.81,189.34,94.81,30.7,63.0,Consumer Cyclical,18.989264,Unmapped,False,,49.2,True,True,Account C (634):1; Robinhood (Traditional IRA):2,1,0,
BA,231.67,252.15,179.12,72.0,64.4,Industrials,83.33453,Unmapped,False,,82.4,True,True,Account A (232):1,1,0,
AXON,612.83,791.62,345.94,59.9,61.4,Industrials,256.4142,EMERGING,False,,90.5,True,True,Account A (232):11; Vanguard (Rahul):1,4,8,
ASTS,70.98,133.09,36.91,35.4,65.1,Technology,,SPECULATIVE,False,,28.6,False,True,Fidelity (Rahul):1; Fidelity (Rajul — Roth IRA):1,2,0,
ASML,1844.08,1989.44,725.85,88.5,67.7,Technology,62.89495,Unmapped,False,,36.5,False,False,,0,0,
APP,315.44,733.6,303.76,2.7,26.9,Communication Services,24.264616,EMERGING,False,,47.1,True,True,Account A (232):3; Robinhood (Traditional IRA):1; Vanguard (Rahul):1,3,1,"{'strike': 270.0, 'dte': 27, 'premium': 322.5, 'collateral': 27000.0, 'annualized_pct': np.float64(16.1)}"
APH,167.11,176.32,108.65,86.4,68.9,Technology,41.882206,Unmapped,False,,34.9,False,True,Account A (232):2; Fidelity (Rajul — Rollover IRA):1,3,0,
ANET,198.82,210.5,116.13,87.6,64.9,Technology,62.91772,Unmapped,False,,75.2,True,True,Account A (232):4; Account C (634):1; Fidelity (Rahul):1,3,3,
AMZN,262.65,284.02,198.79,74.9,66.4,Consumer Cyclical,21.147343,CORE,False,,93.3,True,True,Account A (232):2,2,0,
AMKR,58.99,93.55,23.0,51.0,48.0,Technology,26.452915,Unmapped,False,,87.5,True,True,Account B (275):2; Fidelity (Rahul):1; Fidelity (Rajul — Rollover IRA):1; Fidelity (Rajul — Roth IRA):1; Robinhood (Traditional IRA):1,5,0,
ALB,136.15,215.62,72.58,44.4,77.8,Basic Materials,504.25922,Unmapped,False,,7.4,False,True,Account A (232):2; Account C (634):1; Vanguard (Rahul):1,4,0,
ALAB,321.61,483.02,100.27,57.8,58.2,Technology,158.42857,EMERGING,False,,75.9,True,True,Account A (232):4; Account B (275):1; Fidelity (Rahul):2; Robinhood (Traditional IRA):1,6,1,
ABNB,184.06,185.13,111.54,98.5,82.5,Consumer Cyclical,42.215595,EMERGING,False,,100.0,True,True,Account B (275):1; Account C (634):2; Vanguard (Rahul):2,2,3,
ABBV,249.46,263.3,197.38,79.0,41.0,Healthcare,70.468925,Unmapped,False,,35.4,False,False,,0,0,
AAPL,305.93,340.08,224.9,70.4,26.0,Technology,35.083714,Unmapped,False,,70.4,True,False,,0,0,
