Symbol,OptionType,Strike,OpenDate,CloseDate,DaysHeld,Premium,Cost,NetPnL,ProfitPct,VIX,VIXBucket,RSI,RSIBucket
ABBV,P,2026-05-15,2026-01-12,2026-02-02,21,652.34,360.66,291.68,0.4471287978661434,15.119999885559082,<20 (bull),42.10524445518395,30-70 (neutral)
ABBV,P,2026-08-21,2026-01-02,2026-02-24,53,763.34,755.66,7.680000000000064,0.010061047501768627,14.510000228881836,<20 (bull),62.17454737592004,30-70 (neutral)
ABNB,P,2027-03-19,2026-05-15,2026-06-01,17,626.33,555.66,70.67000000000007,0.11283189373014237,18.43000030517578,<20 (bull),29.587307368373132,<30 (oversold)
ABNB,P,2026-06-18,2026-01-12,2026-02-26,45,458.34,421.66,36.67999999999995,0.0800279268665182,15.119999885559082,<20 (bull),60.20209380985292,30-70 (neutral)
ABNB,P,2027-06-17,2026-05-11,2026-06-23,43,1078.32,1033.66,44.659999999999854,0.041416277171896894,18.3799991607666,<20 (bull),36.7047024650936,30-70 (neutral)
ADBE,P,2026-11-20,2026-05-18,2026-06-01,14,1024.32,767.66,256.65999999999997,0.2505662293033427,17.81999969482422,<20 (bull),59.68545796087269,30-70 (neutral)
ADBE,C,2026-08-21,2026-06-12,2026-06-23,11,807.32,470.66,336.66,0.417009364316504,17.68000030517578,<20 (bull),32.54200285559523,30-70 (neutral)
ADBE,C,2026-07-17,2026-06-11,2026-06-12,1,499.33,91.66,407.66999999999996,0.8164340215889291,19.440000534057617,<20 (bull),37.66575668393942,30-70 (neutral)
ADBE,C,2026-06-18,2026-05-14,2026-06-10,27,664.33,454.66,209.67000000000002,0.315611217316695,17.260000228881836,<20 (bull),42.420420929647406,30-70 (neutral)
ADBE,C,2026-09-18,2026-05-13,2026-06-12,30,1736.3,550.66,1185.6399999999999,0.6828543454472152,17.8700008392334,<20 (bull),47.61983686854706,30-70 (neutral)
ADBE,C,2026-08-21,2026-05-12,2026-06-11,30,1484.31,650.66,833.65,0.5616414360881488,17.989999771118164,<20 (bull),39.69726309507535,30-70 (neutral)
ADBE,C,2026-08-21,2026-06-11,2026-06-11,0,664.33,650.66,13.670000000000073,0.020577122815468325,19.440000534057617,<20 (bull),37.66575668393942,30-70 (neutral)
ADBE,C,2026-06-05,2026-05-06,2026-05-12,6,524.33,268.66,255.67000000000002,0.4876127629546278,17.389999389648438,<20 (bull),51.44791317906894,30-70 (neutral)
ADBE,C,2026-08-21,2026-03-23,2026-05-13,51,1535.34,833.66,701.68,0.4570192921437597,26.149999618530273,20-35 (pause zone),31.376609518579883,30-70 (neutral)
ADBE,C,2026-11-20,2026-03-24,2026-06-15,83,2096.34,750.66,1345.6800000000003,0.641918772718166,26.950000762939453,20-35 (pause zone),25.2992775785235,<30 (oversold)
ADBE,C,2026-05-15,2026-03-02,2026-03-13,11,1091.34,560.66,530.68,0.4862645921527663,21.440000534057617,20-35 (pause zone),44.67634585791678,30-70 (neutral)
ADBE,C,2026-06-18,2026-03-13,2026-03-25,12,972.34,525.66,446.68000000000006,0.4593866343048728,27.190000534057617,20-35 (pause zone),51.776591576161294,30-70 (neutral)
ADBE,C,2026-12-18,2026-04-24,2026-06-16,53,1969.3,800.66,1168.6399999999999,0.5934291372568933,18.709999084472656,<20 (bull),50.58619265719966,30-70 (neutral)
ADBE,C,2027-03-19,2026-04-13,2026-06-23,71,1879.3,1100.66,778.6399999999999,0.4143244825200872,19.1200008392334,<20 (bull),44.361242641412844,30-70 (neutral)
ADBE,C,2026-07-17,2026-02-23,2026-03-24,29,1240.34,600.66,639.68,0.5157295580244127,21.010000228881836,20-35 (pause zone),21.286271519356447,<30 (oversold)
ADBE,C,2026-09-18,2026-03-13,2026-04-13,31,1566.34,732.66,833.68,0.5322471494056208,27.190000534057617,20-35 (pause zone),51.776591576161294,30-70 (neutral)
ADBE,C,2026-12-18,2026-02-18,2026-04-10,51,2336.34,930.66,1405.6800000000003,0.6016590051105576,19.6200008392334,<20 (bull),25.560492738708206,<30 (oversold)
ADBE,C,2026-09-18,2026-02-17,2026-03-13,24,1487.34,950.66,536.68,0.3608320895020641,20.290000915527344,20-35 (pause zone),24.99660479901854,<30 (oversold)
ADBE,C,2026-06-18,2026-01-30,2026-02-18,19,1234.34,600.66,633.68,0.5133755691300614,17.440000534057617,<20 (bull),23.54392794485568,<30 (oversold)
ADBE,C,2027-06-17,2026-04-13,2026-06-12,60,1599.31,1145.66,453.64999999999986,0.28365357560447935,19.1200008392334,<20 (bull),44.361242641412844,30-70 (neutral)
ADBE,C,2026-04-17,2026-01-21,2026-02-13,23,524.34,175.66,348.68000000000006,0.6649883663271924,16.899999618530273,<20 (bull),14.00694108595917,<30 (oversold)
ADBE,C,2026-09-18,2026-01-14,2026-03-02,47,1867.34,750.66,1116.6799999999998,0.5980057193655145,16.75,<20 (bull),13.485521797313979,<30 (oversold)
ADBE,C,2026-12-18,2026-01-14,2026-02-23,40,2018.34,900.66,1117.6799999999998,0.5537620024376467,16.75,<20 (bull),13.485521797313979,<30 (oversold)
ALAB,P,2026-10-16,2026-06-11,2026-06-18,7,2517.29,1557.66,959.6299999999999,0.38121551350857463,19.440000534057617,<20 (bull),63.832489833134886,30-70 (neutral)
ALB,P,2026-03-20,2026-01-02,2026-01-07,5,730.34,354.66,375.68,0.5143905578223841,14.510000228881836,<20 (bull),63.52840030057906,30-70 (neutral)
ALB,P,2026-09-18,2026-01-14,2026-02-24,41,1259.34,1075.66,183.67999999999984,0.14585417758508412,16.75,<20 (bull),78.29756060965724,>70 (overbought)
ALB,P,2026-03-20,2026-01-09,2026-01-22,13,544.34,299.66,244.68,0.4494984752176948,14.489999771118164,<20 (bull),72.88321640633546,>70 (overbought)
ALB,P,2026-03-20,2026-01-13,2026-01-23,10,685.34,425.66,259.68,0.37890681997256836,15.979999542236328,<20 (bull),78.55329759671322,>70 (overbought)
ALB,P,2026-06-18,2026-01-26,2026-02-27,32,1139.34,1122.66,16.679999999999836,0.01464005476855007,16.149999618530273,<20 (bull),77.55177885482799,>70 (overbought)
AMZN,P,2026-05-15,2026-03-09,2026-03-10,1,217.34,160.66,56.68000000000001,0.2607895463329346,25.5,20-35 (pause zone),64.64168459351114,30-70 (neutral)
AMZN,P,2026-05-01,2026-03-13,2026-03-17,4,354.34,250.66,103.67999999999998,0.2926003273691934,27.190000534057617,20-35 (pause zone),53.34820611288269,30-70 (neutral)
AMZN,P,2027-01-15,2026-03-17,2026-04-14,28,1304.34,690.66,613.68,0.47049082294493766,22.3700008392334,20-35 (pause zone),55.99999678762336,30-70 (neutral)
AMZN,P,2026-07-17,2026-02-10,2026-03-23,41,2128.67,1561.32,567.3500000000001,0.26652792588799584,17.790000915527344,<20 (bull),29.67107105286155,<30 (oversold)
AMZN,P,2026-11-20,2026-01-27,2026-04-24,87,1464.34,866.66,597.68,0.4081565756586585,16.350000381469727,<20 (bull),54.36757276266749,30-70 (neutral)
AMZN,P,2027-06-17,2026-04-28,2026-05-11,13,1454.31,1142.66,311.64999999999986,0.2142940638515859,17.829999923706055,<20 (bull),86.14404258578519,>70 (overbought)
AMZN,P,2026-07-17,2026-01-29,2026-04-14,75,1034.34,550.66,483.67999999999995,0.4676218651507241,16.8799991607666,<20 (bull),44.373154787009696,30-70 (neutral)
AMZN,C,2026-08-21,2026-03-19,2026-04-29,41,959.34,3700.66,-2741.3199999999997,-2.8575062021806654,24.059999465942383,20-35 (pause zone),48.435916356890914,30-70 (neutral)
AMZN,P,2027-03-19,2026-05-05,2026-05-11,6,1684.31,1685.66,-1.3500000000001364,-0.0008015151605109133,17.3799991607666,<20 (bull),82.32261580553144,>70 (overbought)
AMZN,P,2026-08-21,2026-04-14,2026-04-24,10,1884.3,1420.66,463.6399999999999,0.24605423764793286,18.360000610351562,<20 (bull),80.66645849731896,>70 (overbought)
AMZN,P,2026-12-18,2026-04-14,2026-04-29,15,2789.28,2058.66,730.6200000000003,0.2619385647909139,18.360000610351562,<20 (bull),80.66645849731896,>70 (overbought)
AMZN,P,2026-07-17,2026-04-27,2026-05-01,4,1301.31,760.66,540.65,0.41546595353912597,18.020000457763672,<20 (bull),89.95780847163036,>70 (overbought)
AMZN,C,2026-12-18,2026-03-19,2026-04-30,42,1184.34,3410.66,-2226.3199999999997,-1.879798030970836,24.059999465942383,20-35 (pause zone),48.435916356890914,30-70 (neutral)
AMZN,C,2026-06-18,2026-03-09,2026-03-19,10,304.34,185.66,118.67999999999998,0.38995859893540114,25.5,20-35 (pause zone),64.64168459351114,30-70 (neutral)
AMZN,C,2026-09-18,2026-03-04,2026-03-19,15,653.34,390.66,262.68,0.4020571218661034,21.149999618530273,20-35 (pause zone),65.29044611976056,30-70 (neutral)
ANET,P,2026-08-21,2026-03-02,2026-03-23,21,514.34,448.66,65.68,0.12769763191663103,21.440000534057617,20-35 (pause zone),37.09543233502225,30-70 (neutral)
ANET,P,2026-06-18,2026-03-09,2026-03-10,1,407.34,300.66,106.67999999999995,0.26189424068345846,25.5,20-35 (pause zone),45.56484298380801,30-70 (neutral)
ANET,P,2026-09-18,2026-01-26,2026-04-15,79,764.34,502.66,261.68,0.3423607295182772,16.149999618530273,<20 (bull),55.87758633713543,30-70 (neutral)
ANET,P,2026-07-17,2026-01-29,2026-04-08,69,716.34,615.66,100.68000000000006,0.14054778457157224,16.8799991607666,<20 (bull),74.1833254134238,>70 (overbought)
ANET,P,2027-03-19,2026-04-16,2026-05-05,19,1325.31,1195.66,129.64999999999986,0.09782616897178763,17.940000534057617,<20 (bull),86.8108715971492,>70 (overbought)
ANET,P,2026-12-18,2026-04-16,2026-04-24,8,1177.32,935.66,241.65999999999997,0.20526280025821356,17.940000534057617,<20 (bull),86.8108715971492,>70 (overbought)
ANET,P,2026-12-18,2026-04-20,2026-06-02,43,1690.31,1492.66,197.64999999999986,0.11693121380101867,18.8700008392334,<20 (bull),99.090217523418,>70 (overbought)
ANET,C,2026-06-18,2026-03-09,2026-03-20,11,464.34,300.66,163.67999999999995,0.35250032303915224,25.5,20-35 (pause zone),45.56484298380801,30-70 (neutral)
ANET,C,2026-08-21,2026-03-04,2026-03-30,26,485.34,249.66,235.67999999999998,0.48559772530597106,21.149999618530273,20-35 (pause zone),45.02814273560351,30-70 (neutral)
ANET,C,2026-12-18,2026-02-27,2026-05-04,66,734.34,5263.32,-4528.98,-6.167415638532559,19.860000610351562,<20 (bull),45.86527928169527,30-70 (neutral)
ANET,C,2026-12-18,2026-03-02,2026-05-04,63,839.34,5263.32,-4423.98,-5.270784187575952,21.440000534057617,20-35 (pause zone),37.09543233502225,30-70 (neutral)
ANET,C,2027-03-19,2026-05-04,2026-05-06,2,2081.3,1204.66,876.6400000000001,0.42119828953058186,18.290000915527344,<20 (bull),67.51102901775127,30-70 (neutral)
APH,P,2026-08-21,2026-04-06,2026-04-13,7,456.34,275.66,180.67999999999995,0.3959328570802471,24.170000076293945,20-35 (pause zone),38.30269428252443,30-70 (neutral)
APH,P,2026-11-20,2026-02-26,2026-04-29,62,756.34,614.66,141.68000000000006,0.18732316154110593,18.6299991607666,<20 (bull),77.02282308532594,>70 (overbought)
APH,P,2027-03-19,2026-04-16,2026-06-17,62,995.32,830.66,164.66000000000008,0.16543423220672757,17.940000534057617,<20 (bull),81.29390896679728,>70 (overbought)
APH,P,2026-08-21,2026-06-12,2026-06-16,4,465.33,288.66,176.66999999999996,0.37966604345303323,17.68000030517578,<20 (bull),69.5997140834534,30-70 (neutral)
APH,P,2026-12-18,2026-04-30,2026-06-18,49,1979.3,1393.66,585.6399999999999,0.2958823826605365,16.889999389648438,<20 (bull),59.44928573355666,30-70 (neutral)
APH,P,2026-12-18,2026-06-18,2026-06-18,0,1309.31,1393.66,-84.35000000000014,-0.0644232458317741,16.399999618530273,<20 (bull),65.53557648699854,30-70 (neutral)
APH,C,2026-12-18,2026-04-06,2026-06-23,78,679.34,1676.66,-997.32,-1.4680719521888892,24.170000076293945,20-35 (pause zone),38.30269428252443,30-70 (neutral)
APH,C,2027-03-19,2026-05-04,2026-05-08,4,666.33,630.66,35.67000000000007,0.05353203367700699,18.290000915527344,<20 (bull),38.26669969556912,30-70 (neutral)
APP,P,2026-05-15,2026-02-20,2026-03-05,13,3032.34,1675.66,1356.68,0.44740365526293224,19.09000015258789,<20 (bull),43.22116264630529,30-70 (neutral)
APP,P,2026-11-20,2026-03-05,2026-05-04,60,5360.34,3944.66,1415.6800000000003,0.2641026502050244,23.75,20-35 (pause zone),76.2305167962015,>70 (overbought)
APP,P,2026-07-17,2026-05-08,2026-05-21,13,1199.32,854.66,344.65999999999997,0.28737951505853315,17.190000534057617,<20 (bull),44.30958223418548,30-70 (neutral)
APP,P,2026-08-21,2026-06-12,2026-06-29,17,1863.3,1210.66,652.6399999999999,0.35026029088176885,17.68000030517578,<20 (bull),52.52907803725512,30-70 (neutral)
APP,P,2027-06-17,2026-05-04,2026-05-27,23,8037.17,6195.66,1841.5100000000002,0.22912418177044908,18.290000915527344,<20 (bull),61.42282737209032,30-70 (neutral)
APP,P,2026-08-21,2026-05-12,2026-05-27,15,3027.28,1771.66,1255.6200000000001,0.41476837292883384,17.989999771118164,<20 (bull),51.829718524411106,30-70 (neutral)
APP,P,2026-04-17,2026-03-09,2026-04-15,37,2209.34,480.66,1728.68,0.7824418152027302,25.5,20-35 (pause zone),77.75807637781429,>70 (overbought)
APP,P,2026-07-17,2026-06-09,2026-07-01,22,835.32,380.66,454.66,0.5442944021452857,19.8700008392334,<20 (bull),58.750901785459234,30-70 (neutral)
APP,P,2026-12-18,2026-05-04,2026-05-27,23,8324.17,5720.66,2603.51,0.31276511652212774,18.290000915527344,<20 (bull),61.42282737209032,30-70 (neutral)
APP,P,2026-06-18,2026-04-15,2026-05-04,19,5239.23,3807.66,1431.5699999999997,0.27324053343716537,18.170000076293945,<20 (bull),55.64444493765782,30-70 (neutral)
APP,P,2026-07-17,2026-04-20,2026-05-04,14,5613.22,5210.66,402.5600000000004,0.07171641232661474,18.8700008392334,<20 (bull),78.41029096870935,>70 (overbought)
APP,C,2026-06-18,2026-04-01,2026-05-04,33,3234.34,5627.66,-2393.3199999999997,-0.7399716789205834,24.540000915527344,20-35 (pause zone),33.21872103738065,30-70 (neutral)
APP,C,2026-05-15,2026-02-18,2026-03-26,36,3003.34,2040.66,962.6800000000001,0.3205364693974042,19.6200008392334,<20 (bull),36.47856974432085,30-70 (neutral)
APP,C,2026-08-21,2026-03-26,2026-05-04,39,4591.34,7579.66,-2988.3199999999997,-0.6508600974878793,27.440000534057617,20-35 (pause zone),23.712021355793794,<30 (oversold)
APP,C,2026-12-18,2026-03-26,2026-05-26,61,6759.34,12816.66,-6057.32,-0.8961407474694274,27.440000534057617,20-35 (pause zone),23.712021355793794,<30 (oversold)
APP,C,2026-08-21,2026-05-04,2026-05-26,22,5344.23,6642.66,-1298.4300000000003,-0.24295922892540187,18.290000915527344,<20 (bull),61.42282737209032,30-70 (neutral)
APP,C,2027-06-17,2026-04-24,2026-05-26,32,10362.13,14250.66,-3888.5300000000007,-0.37526357997824783,18.709999084472656,<20 (bull),58.51547823609541,30-70 (neutral)
ASML,P,2026-09-18,2026-01-05,2026-01-21,16,9739.34,7466.66,2272.6800000000003,0.23335051451125027,14.899999618530273,<20 (bull),73.75072510993729,>70 (overbought)
ASTS,P,2026-11-20,2026-06-25,2026-06-26,1,579.33,485.66,93.67000000000002,0.16168677610342985,18.889999389648438,<20 (bull),23.569703623667834,<30 (oversold)
AXON,C,2026-06-18,2026-04-10,2026-04-30,20,1795.3,4065.66,-2270.3599999999997,-1.2646131565755026,19.229999542236328,<20 (bull),18.221792722254946,<30 (oversold)
AXON,C,2026-05-22,2026-05-06,2026-05-07,1,1929.3,2830.66,-901.3599999999999,-0.4671953558285388,17.389999389648438,<20 (bull),45.006911834538066,30-70 (neutral)
AXON,C,2026-05-15,2026-04-29,2026-04-30,1,1449.31,2215.66,-766.3499999999999,-0.528768862424188,18.809999465942383,<20 (bull),71.52858143033453,>70 (overbought)
AXON,C,2026-06-26,2026-05-08,2026-05-13,5,1609.31,1000.66,608.65,0.37820556636073843,17.190000534057617,<20 (bull),49.916676656749246,30-70 (neutral)
AXON,C,2026-06-18,2026-04-30,2026-05-05,5,1955.3,1165.66,789.6399999999999,0.40384595714212645,16.889999389648438,<20 (bull),75.34508254600638,>70 (overbought)
AXON,P,2026-06-18,2026-03-03,2026-06-02,91,3029.34,2100.66,928.6800000000003,0.30656182534809573,23.56999969482422,20-35 (pause zone),79.48845373422235,>70 (overbought)
AXON,C,2026-06-18,2026-04-07,2026-04-10,3,1279.31,516.66,762.65,0.5961416701190485,25.780000686645508,20-35 (pause zone),14.109308172143642,<30 (oversold)
AXON,C,2026-09-18,2026-05-01,2026-05-13,12,3749.26,2100.66,1648.6000000000004,0.43971343678485897,16.989999771118164,<20 (bull),72.00453767338821,>70 (overbought)
AXON,C,2026-05-15,2026-04-01,2026-04-07,6,1848.34,805.66,1042.6799999999998,0.5641169914626096,24.540000915527344,20-35 (pause zone),26.556603586670377,<30 (oversold)
AXON,C,2026-06-18,2026-02-04,2026-03-30,54,2779.34,1587.66,1191.68,0.4287636633157512,18.639999389648438,<20 (bull),8.020814556357124,<30 (oversold)
AXON,C,2026-09-18,2026-02-20,2026-04-08,47,4030.34,1683.66,2346.6800000000003,0.5822536063954903,19.09000015258789,<20 (bull),35.69165227848947,30-70 (neutral)
AXON,C,2026-09-18,2026-05-04,2026-05-11,7,1657.31,1450.66,206.64999999999986,0.12469000971453734,18.290000915527344,<20 (bull),57.644416452200225,30-70 (neutral)
AXON,C,2026-12-18,2026-01-30,2026-04-29,89,7247.34,3015.66,4231.68,0.5838942287791107,17.440000534057617,<20 (bull),13.996803882699439,<30 (oversold)
AXON,C,2026-06-18,2026-03-03,2026-03-16,13,4907.34,2000.66,2906.6800000000003,0.5923127396919716,23.56999969482422,20-35 (pause zone),79.48845373422235,>70 (overbought)
AXON,C,2027-01-15,2026-03-17,2026-04-29,43,6829.34,3044.66,3784.6800000000003,0.5541794668298841,22.3700008392334,20-35 (pause zone),46.40461141567237,30-70 (neutral)
AXON,C,2026-12-18,2026-01-09,2026-01-30,21,10019.34,4700.66,5318.68,0.5308413528236391,14.489999771118164,<20 (bull),70.18111760310416,>70 (overbought)
BA,P,2026-05-15,2026-01-14,2026-01-22,8,365.34,245.66,119.67999999999998,0.3275852630426452,16.75,<20 (bull),81.5996049784988,>70 (overbought)
BE,P,2027-06-17,2026-05-08,2026-05-13,5,4536.25,4256.66,279.59000000000015,0.061634610085423015,17.190000534057617,<20 (bull),63.49918094059408,30-70 (neutral)
BE,P,2026-09-18,2026-06-16,2026-06-24,8,2044.3,1400.66,643.6399999999999,0.31484615760896145,16.40999984741211,<20 (bull),46.50962067532123,30-70 (neutral)
BE,P,2026-07-17,2026-05-26,2026-06-16,21,1132.32,805.66,326.65999999999997,0.2884873533983326,17.010000228881836,<20 (bull),51.909822276181515,30-70 (neutral)
BRKB,P,2027-06-17,2026-05-11,2026-05-13,2,1381.31,1280.66,100.64999999999986,0.07286561307744088,18.3799991607666,<20 (bull),,unknown
BRKB,P,2026-12-18,2026-05-04,2026-05-12,8,1469.31,1080.66,388.64999999999986,0.26451191375543615,18.290000915527344,<20 (bull),,unknown
COIN,P,2026-12-18,2026-02-20,2026-03-17,25,1608.34,1100.66,507.67999999999984,0.31565465013616517,19.09000015258789,<20 (bull),41.01145423343632,30-70 (neutral)
COIN,P,2026-07-17,2026-05-01,2026-05-05,4,1329.31,1006.66,322.65,0.24271990732033913,16.989999771118164,<20 (bull),58.295292368096646,30-70 (neutral)
COIN,C,2026-07-31,2026-06-25,2026-06-30,5,599.33,370.66,228.67000000000002,0.38154272270702283,18.889999389648438,<20 (bull),35.92915581472383,30-70 (neutral)
COIN,C,2026-07-17,2026-06-05,2026-06-24,19,511.33,300.66,210.66999999999996,0.41200398959576,21.510000228881836,20-35 (pause zone),25.526107958835468,<30 (oversold)
COIN,C,2026-06-26,2026-05-27,2026-06-03,7,509.33,247.66,261.66999999999996,0.5137533622602242,16.290000915527344,<20 (bull),38.423970269026036,30-70 (neutral)
COIN,C,2026-07-17,2026-03-31,2026-05-06,36,1411.34,2415.66,-1004.3199999999999,-0.7116074085620757,25.25,20-35 (pause zone),37.122029826775375,30-70 (neutral)
COIN,C,2026-06-05,2026-05-07,2026-05-08,1,574.33,213.66,360.6700000000001,0.6279839116884022,17.079999923706055,<20 (bull),42.66755281491541,30-70 (neutral)
COIN,C,2026-06-12,2026-05-08,2026-05-18,10,609.33,405.66,203.67000000000002,0.33425237556004134,17.190000534057617,<20 (bull),44.43499861151122,30-70 (neutral)
COIN,C,2026-09-18,2026-05-08,2026-06-02,25,1509.31,1284.66,224.64999999999986,0.14884284871895095,17.190000534057617,<20 (bull),44.43499861151122,30-70 (neutral)
COIN,C,2026-07-17,2026-03-11,2026-03-25,14,1917.34,1200.66,716.6799999999998,0.37378868640929613,24.229999542236328,20-35 (pause zone),65.30288012768186,30-70 (neutral)
COIN,C,2026-09-18,2026-05-06,2026-05-27,21,1804.3,1015.66,788.64,0.4370891758576733,17.389999389648438,<20 (bull),48.99104693288213,30-70 (neutral)
COIN,C,2027-01-15,2026-03-25,2026-06-02,69,3221.34,2315.66,905.6800000000003,0.2811500804013238,25.329999923706055,20-35 (pause zone),33.71708796082508,30-70 (neutral)
COIN,C,2026-09-18,2026-03-02,2026-03-30,28,1943.34,1053.66,889.6799999999998,0.45780975022384135,21.440000534057617,20-35 (pause zone),57.98491079941555,30-70 (neutral)
COIN,C,2026-12-18,2026-05-06,2026-06-01,26,2789.28,1955.66,833.6200000000001,0.29886565708713364,17.389999389648438,<20 (bull),48.99104693288213,30-70 (neutral)
COIN,C,2027-03-19,2026-04-06,2026-06-24,79,2929.34,1600.66,1328.68,0.4535765735626455,24.170000076293945,20-35 (pause zone),33.06824399351687,30-70 (neutral)
COIN,C,2026-05-15,2026-03-04,2026-03-11,7,691.34,450.66,240.68,0.34813550496137935,21.149999618530273,20-35 (pause zone),71.76102866042612,>70 (overbought)
COIN,C,2027-01-15,2026-03-05,2026-03-25,20,2874.34,1800.66,1073.68,0.3735396647578227,23.75,20-35 (pause zone),77.11481061799766,>70 (overbought)
COST,P,2027-03-19,2026-06-02,2026-06-05,3,1293.31,1175.66,117.64999999999986,0.09096813602307248,15.770000457763672,<20 (bull),35.323232264345634,30-70 (neutral)
COST,P,2027-06-17,2026-06-04,2026-06-23,19,2849.28,2823.66,25.620000000000346,0.008991745283018989,15.399999618530273,<20 (bull),34.95894835300419,30-70 (neutral)
CRCL,P,2026-10-16,2026-03-09,2026-03-17,8,1773.34,1340.66,432.67999999999984,0.24399156394148885,25.5,20-35 (pause zone),85.0796340810578,>70 (overbought)
CRCL,C,2026-10-16,2026-06-08,2026-06-24,16,1242.31,620.66,621.65,0.5003984512722267,18.920000076293945,<20 (bull),26.94888354912574,<30 (oversold)
CRCL,C,2027-03-19,2026-06-24,2026-06-26,2,1276.31,1323.66,-47.350000000000136,-0.03709913735691183,18.6299991607666,<20 (bull),28.565038413413788,<30 (oversold)
CRCL,C,2026-09-18,2026-03-31,2026-06-05,66,864.34,423.66,440.68,0.5098456625864821,25.25,20-35 (pause zone),38.409276270691656,30-70 (neutral)
CRCL,C,2026-10-16,2026-03-04,2026-03-31,27,1573.34,1000.66,572.68,0.36398998309329195,21.149999618530273,20-35 (pause zone),87.28959907213505,>70 (overbought)
CRCL,C,2027-06-17,2026-04-28,2026-06-08,41,2011.3,1600.66,410.6399999999999,0.20416645950380344,17.829999923706055,<20 (bull),49.927869885270496,30-70 (neutral)
CRCL,C,2026-12-18,2026-04-14,2026-04-28,14,1399.31,1142.66,256.64999999999986,0.18341182439916806,18.360000610351562,<20 (bull),53.52941125138641,30-70 (neutral)
CRM,C,2026-08-21,2026-06-12,2026-06-18,6,618.33,245.66,372.6700000000001,0.6027040577038152,17.68000030517578,<20 (bull),41.25123163283117,30-70 (neutral)
CRM,C,2026-09-18,2026-05-13,2026-06-18,36,1133.32,400.66,732.6599999999999,0.646472311438958,17.8700008392334,<20 (bull),43.183475450283325,30-70 (neutral)
CRM,C,2026-06-18,2026-05-07,2026-05-08,1,807.32,520.66,286.6600000000001,0.35507605410493986,17.079999923706055,<20 (bull),53.59711844742006,30-70 (neutral)
CRM,C,2026-07-17,2026-05-27,2026-06-08,12,678.33,470.66,207.67000000000002,0.30614892456473985,16.290000915527344,<20 (bull),46.33026950584256,30-70 (neutral)
CRM,C,2026-09-18,2026-04-09,2026-06-16,68,934.32,530.66,403.6600000000001,0.4320361332305849,19.489999771118164,<20 (bull),25.30685394286128,<30 (oversold)
CRM,C,2026-08-21,2026-05-01,2026-05-13,12,591.33,350.66,240.67000000000002,0.4069977846549304,16.989999771118164,<20 (bull),59.71730820038066,30-70 (neutral)
CRM,C,2026-08-21,2026-04-07,2026-04-09,2,445.33,244.66,200.67,0.450609660251948,25.780000686645508,20-35 (pause zone),33.91508093444757,30-70 (neutral)
CRM,C,2026-12-18,2026-03-24,2026-06-11,79,1179.34,625.66,553.68,0.46948293113097156,26.950000762939453,20-35 (pause zone),40.236801529670245,30-70 (neutral)
CRM,C,2026-08-21,2026-02-20,2026-03-24,32,879.34,425.66,453.68,0.5159324038483408,19.09000015258789,<20 (bull),26.535203312010793,<30 (oversold)
CRM,C,2026-11-20,2026-03-18,2026-04-10,23,1066.34,409.66,656.6799999999998,0.6158260967421272,25.09000015258789,20-35 (pause zone),44.941820403029496,30-70 (neutral)
CRM,C,2027-03-19,2026-03-18,2026-04-13,26,1459.34,794.66,664.68,0.45546616963832964,25.09000015258789,20-35 (pause zone),44.941820403029496,30-70 (neutral)
CRM,C,2026-08-21,2026-01-16,2026-02-17,32,1542.34,545.66,996.68,0.6462128972859421,15.859999656677246,<20 (bull),19.68261640963523,<30 (oversold)
CRM,C,2026-04-17,2026-01-14,2026-01-16,2,564.34,315.66,248.68,0.44065634192153663,16.75,<20 (bull),28.094036242271144,<30 (oversold)
CRM,C,2026-12-18,2026-02-04,2026-03-11,35,1017.34,610.66,406.68000000000006,0.39974836337900804,18.639999389648438,<20 (bull),19.125996494162493,<30 (oversold)
CRM,C,2027-01-15,2026-01-21,2026-03-11,49,1589.34,700.66,888.68,0.5591503391344835,16.899999618530273,<20 (bull),19.361517950058897,<30 (oversold)
CRWD,P,2027-03-19,2026-04-08,2026-05-08,30,2609.29,1678.66,930.6299999999999,0.35666024090844634,21.040000915527344,20-35 (pause zone),46.82203955436682,30-70 (neutral)
CRWD,P,2026-12-18,2026-04-16,2026-04-27,11,2934.28,2242.66,691.6200000000003,0.2357034775140751,17.940000534057617,<20 (bull),57.301896319041276,30-70 (neutral)
CRWD,P,2026-07-17,2026-04-30,2026-05-05,5,1664.31,1275.66,388.64999999999986,0.23352019755934886,16.889999389648438,<20 (bull),74.66185116285574,>70 (overbought)
CRWD,P,2026-07-17,2026-05-04,2026-05-07,3,1945.3,1323.66,621.6399999999999,0.319559965043952,18.290000915527344,<20 (bull),76.83788562003431,>70 (overbought)
CRWD,P,2027-06-17,2026-05-13,2026-05-20,7,4599.25,3645.66,953.5900000000001,0.2073359786921781,17.8700008392334,<20 (bull),88.39953677591234,>70 (overbought)
CRWD,P,2026-07-17,2026-05-08,2026-05-11,3,2694.28,2270.66,423.62000000000035,0.1572293896699676,17.190000534057617,<20 (bull),77.41021313688447,>70 (overbought)
CRWD,C,2026-09-18,2026-03-31,2026-05-08,38,1959.34,8938.66,-6979.32,-3.5620770259373056,25.25,20-35 (pause zone),31.543197510059414,30-70 (neutral)
CRWD,P,2026-07-17,2026-05-18,2026-05-21,3,1349.31,779.66,569.65,0.4221787432094923,17.81999969482422,<20 (bull),91.11625047329512,>70 (overbought)
CRWD,P,2026-10-16,2026-06-10,2026-06-29,19,2406.29,1358.66,1047.6299999999999,0.43537146395488485,22.219999313354492,20-35 (pause zone),49.63899541246192,30-70 (neutral)
CRWD,C,2026-07-17,2026-05-01,2026-05-08,7,1524.31,4895.66,-3371.35,-2.2117220250473983,16.989999771118164,<20 (bull),71.89244076645286,>70 (overbought)
CRWD,P,2026-08-21,2026-06-24,2026-06-29,5,704.33,440.66,263.67,0.3743557707324692,18.6299991607666,<20 (bull),32.21592205566654,30-70 (neutral)
CRWD,P,2026-10-16,2026-05-15,2026-06-01,17,4234.25,2010.66,2223.59,0.5251437680817146,18.43000030517578,<20 (bull),89.87820541906481,>70 (overbought)
CRWD,C,2026-09-18,2026-03-18,2026-03-30,12,1954.34,1071.66,882.6799999999998,0.45165119682348,25.09000015258789,20-35 (pause zone),74.911213858503,>70 (overbought)
CRWD,P,2026-09-18,2026-05-26,2026-05-29,3,3060.28,2542.66,517.6200000000003,0.16914138575555188,17.010000228881836,<20 (bull),94.403457102306,>70 (overbought)
CRWD,P,2026-12-18,2026-06-15,2026-07-01,16,4305.25,3050.66,1254.5900000000001,0.29140932582312296,16.200000762939453,<20 (bull),52.92058387308802,30-70 (neutral)
CRWD,C,2027-01-15,2026-03-05,2026-05-08,64,3770.34,7985.66,-4215.32,-1.1180211864182008,23.75,20-35 (pause zone),53.525438277086906,30-70 (neutral)
CRWD,P,2027-06-17,2026-05-22,2026-05-29,7,7478.19,7000.66,477.52999999999975,0.06385636096435097,16.700000762939453,<20 (bull),94.38299551999822,>70 (overbought)
CRWD,P,2026-07-17,2026-06-02,2026-06-15,13,1252.31,985.66,266.65,0.21292651180618216,15.770000457763672,<20 (bull),86.01778812146321,>70 (overbought)
CRWD,C,2026-12-18,2026-05-08,2026-05-18,10,4998.24,10279.66,-5281.42,-1.056655942891898,17.190000534057617,<20 (bull),77.41021313688447,>70 (overbought)
CRWD,P,2026-06-12,2026-05-29,2026-06-01,3,1650.31,1013.66,636.65,0.3857760057201374,15.319999694824219,<20 (bull),88.5972509954987,>70 (overbought)
CRWD,C,2026-08-21,2026-05-28,2026-06-10,13,2457.29,1765.66,691.6299999999999,0.2814604706811161,15.739999771118164,<20 (bull),86.67672000289302,>70 (overbought)
DIS,P,2026-12-18,2026-04-20,2026-05-07,17,662.33,534.66,127.67000000000007,0.19275889662252965,18.8700008392334,<20 (bull),90.25535377441929,>70 (overbought)
DIS,C,2027-01-15,2026-03-25,2026-06-30,97,701.34,587.66,113.68000000000006,0.16208971397610297,25.329999923706055,20-35 (pause zone),19.528331627519307,<30 (oversold)
DIS,C,2027-03-19,2026-04-29,2026-06-26,58,369.33,301.66,67.66999999999996,0.18322367530392863,18.809999465942383,<20 (bull),55.46705854080288,30-70 (neutral)
DIS,C,2027-01-15,2026-03-06,2026-03-25,19,309.34,190.66,118.67999999999998,0.38365552466541664,29.489999771118164,20-35 (pause zone),34.34747206471006,30-70 (neutral)
ETSY,P,2026-09-18,2026-04-20,2026-04-29,9,499.33,310.66,188.66999999999996,0.37784631406084146,18.8700008392334,<20 (bull),91.24627350273198,>70 (overbought)
ETSY,C,2026-06-18,2026-04-07,2026-04-29,22,349.33,1190.66,-841.3300000000002,-2.4084103855952828,25.780000686645508,20-35 (pause zone),47.12441399949361,30-70 (neutral)
ETSY,C,2026-09-18,2026-03-20,2026-04-29,40,663.34,1630.66,-967.32,-1.458256700937679,26.780000686645508,20-35 (pause zone),45.842525055894185,30-70 (neutral)
ETSY,C,2026-06-18,2026-03-06,2026-03-24,18,327.34,150.66,176.67999999999998,0.5397446080527891,29.489999771118164,20-35 (pause zone),78.3324449933177,>70 (overbought)
ETSY,P,2026-06-18,2026-04-20,2026-04-29,9,710.33,331.66,378.67,0.5330902538256866,18.8700008392334,<20 (bull),91.24627350273198,>70 (overbought)
ETSY,P,2026-12-18,2026-04-29,2026-06-17,49,861.32,629.66,231.66000000000008,0.2689592718153533,18.809999465942383,<20 (bull),78.91351461010188,>70 (overbought)
EWJ,P,2026-06-18,2026-03-13,2026-03-23,10,195.34,200.66,-5.319999999999993,-0.027234565373195418,27.190000534057617,20-35 (pause zone),26.96499669086363,<30 (oversold)
EWJ,P,2027-01-15,2026-01-28,2026-02-04,7,519.34,690.66,-171.31999999999994,-0.32988023260291893,16.350000381469727,<20 (bull),62.09080662846334,30-70 (neutral)
EWJ,P,2027-01-15,2026-02-25,2026-06-01,96,402.34,360.66,41.67999999999995,0.1035939752448177,17.93000030517578,<20 (bull),66.82530552589145,30-70 (neutral)
EWJ,P,2026-09-18,2026-05-08,2026-05-28,20,231.34,290.66,-59.32000000000002,-0.2564191233682027,17.190000534057617,<20 (bull),60.524388482012874,30-70 (neutral)
EWW,P,2027-01-15,2026-03-17,2026-03-30,13,511.34,535.66,-24.319999999999993,-0.04756130950052801,22.3700008392334,20-35 (pause zone),31.306199171862204,30-70 (neutral)
EWY,P,2026-07-17,2026-01-05,2026-01-30,25,374.34,253.66,120.67999999999998,0.3223807234065288,14.899999618530273,<20 (bull),75.9164539260801,>70 (overbought)
EWY,P,2027-01-15,2026-03-06,2026-03-23,17,1261.34,900.66,360.67999999999995,0.2859498628442767,29.489999771118164,20-35 (pause zone),43.94851550155604,30-70 (neutral)
EWY,P,2027-01-15,2026-03-13,2026-04-14,32,1235.34,750.66,484.67999999999995,0.39234542716984794,27.190000534057617,20-35 (pause zone),38.53141364431541,30-70 (neutral)
FSLR,P,2027-01-15,2026-03-09,2026-03-25,16,1469.34,1225.66,243.67999999999984,0.1658431676807273,25.5,20-35 (pause zone),33.54437582166001,30-70 (neutral)
GEV,P,2026-12-18,2026-01-12,2026-02-03,22,8082.34,4903.66,3178.6800000000003,0.3932870925994205,15.119999885559082,<20 (bull),43.26271732417458,30-70 (neutral)
GEV,P,2027-01-15,2026-03-17,2026-03-25,8,7849.34,6018.66,1830.6800000000003,0.23322725222757584,22.3700008392334,20-35 (pause zone),43.42170093841637,30-70 (neutral)
GEV,P,2027-06-17,2026-04-30,2026-06-25,56,7699.18,6463.66,1235.5200000000004,0.1604742323208446,16.889999389648438,<20 (bull),64.57356972771089,30-70 (neutral)
GEV,P,2026-08-21,2026-06-23,2026-06-25,2,1738.3,1335.66,402.6399999999999,0.23162860265776902,19.489999771118164,<20 (bull),57.03604837310792,30-70 (neutral)
GEV,P,2026-07-17,2026-05-20,2026-05-26,6,1926.3,1119.66,806.6399999999999,0.4187509733686341,17.440000534057617,<20 (bull),40.73795784512058,30-70 (neutral)
GEV,P,2026-07-17,2026-05-26,2026-06-23,28,2779.28,2250.66,528.6200000000003,0.19020033965631397,17.010000228881836,<20 (bull),46.15265020458326,30-70 (neutral)
IBIT,P,2026-08-21,2026-02-10,2026-03-04,22,466.67,321.32,145.35000000000002,0.31146206098527873,17.790000915527344,<20 (bull),22.633013871183664,<30 (oversold)
IBIT,P,2026-10-16,2026-02-04,2026-04-14,69,349.34,234.66,114.67999999999998,0.32827617793553554,18.639999389648438,<20 (bull),9.373198942254632,<30 (oversold)
IBIT,P,2027-03-19,2026-04-14,2026-05-04,20,892.65,687.32,205.32999999999993,0.23002296532795602,18.360000610351562,<20 (bull),63.481567642693015,30-70 (neutral)
IBIT,P,2027-01-15,2026-04-21,2026-05-05,14,419.33,324.66,94.66999999999996,0.2257649106908639,19.5,<20 (bull),72.39868386692432,>70 (overbought)
IBIT,P,2026-08-21,2026-01-05,2026-05-07,122,578.34,645.66,-67.31999999999994,-0.11640211640211628,14.899999618530273,<20 (bull),58.74612219252939,30-70 (neutral)
IBIT,C,2026-10-16,2026-04-27,2026-05-07,10,283.33,315.66,-32.33000000000004,-0.11410722479088005,18.020000457763672,<20 (bull),72.98970385760248,>70 (overbought)
IBM,C,2027-01-15,2026-04-07,2026-05-05,28,1734.3,1104.66,629.6399999999999,0.36305137519460295,25.780000686645508,20-35 (pause zone),38.99962172306966,30-70 (neutral)
IBM,C,2027-03-19,2026-05-06,2026-06-01,26,899.32,6590.66,-5691.34,-6.328492638882711,17.389999389648438,<20 (bull),27.68548954758174,<30 (oversold)
ISRG,C,2026-08-21,2026-06-03,2026-06-23,20,516.33,300.66,215.67000000000002,0.41769798384753937,16.059999465942383,<20 (bull),37.869094634056125,30-70 (neutral)
ISRG,C,2026-10-16,2026-04-01,2026-05-05,34,2799.34,1910.66,888.6800000000001,0.3174605442711496,24.540000915527344,20-35 (pause zone),38.69393601174886,30-70 (neutral)
ISRG,C,2026-12-18,2026-05-06,2026-06-02,27,2329.29,1568.66,760.6299999999999,0.32655015047503744,17.389999389648438,<20 (bull),47.0783212549194,30-70 (neutral)
JD,C,2026-12-18,2026-06-12,2026-06-23,11,590.66,351.32,239.33999999999997,0.4052077337215996,17.68000030517578,<20 (bull),33.333322520697806,30-70 (neutral)
JD,C,2026-12-18,2026-01-20,2026-06-11,142,618.67,401.32,217.34999999999997,0.3513181502254837,20.09000015258789,20-35 (pause zone),43.28806997183854,30-70 (neutral)
LASR,P,2026-09-18,2026-05-06,2026-05-08,2,1052.32,900.66,151.65999999999997,0.14411965941918806,17.389999389648438,<20 (bull),52.82900476366053,30-70 (neutral)
LASR,P,2026-12-18,2026-05-04,2026-05-11,7,1382.31,1112.66,269.64999999999986,0.19507201713074482,18.290000915527344,<20 (bull),54.42508799720982,30-70 (neutral)
LITE,P,2026-07-17,2026-06-18,2026-06-25,7,1051.32,785.66,265.65999999999997,0.2526918540501465,16.399999618530273,<20 (bull),49.6466919471154,30-70 (neutral)
LLY,P,2027-03-19,2026-04-28,2026-05-07,9,7347.19,4259.66,3087.5299999999997,0.42023276926280656,17.829999923706055,<20 (bull),27.66700529253322,<30 (oversold)
LLY,P,2027-01-15,2026-03-06,2026-05-06,61,6402.34,4408.66,1993.6800000000003,0.31139864487046925,29.489999771118164,20-35 (pause zone),39.06669801498002,30-70 (neutral)
LLY,P,2026-10-16,2026-02-26,2026-05-07,70,4262.34,3515.66,746.6800000000003,0.17518076924881645,18.6299991607666,<20 (bull),50.260506989478124,30-70 (neutral)
LLY,P,2027-03-19,2026-03-18,2026-04-02,15,9489.34,8541.66,947.6800000000003,0.09986785171571472,25.09000015258789,20-35 (pause zone),28.1492910187672,<30 (oversold)
LLY,P,2027-06-17,2026-05-28,2026-06-05,8,5079.24,4811.66,267.5799999999999,0.05268110977232813,15.739999771118164,<20 (bull),78.56498701699536,>70 (overbought)
LLY,P,2027-06-17,2026-05-07,2026-05-20,13,8337.17,7441.66,895.5100000000002,0.10741174763139054,17.079999923706055,<20 (bull),58.69021668522489,30-70 (neutral)
LLY,P,2026-12-18,2026-06-15,2026-06-29,14,3610.27,2260.66,1349.6100000000001,0.373825226368111,16.200000762939453,<20 (bull),61.592560225856545,30-70 (neutral)
LLY,P,2027-03-19,2026-06-16,2026-07-01,15,6160.21,4895.66,1264.5500000000002,0.20527709282638096,16.40999984741211,<20 (bull),57.402551267117765,30-70 (neutral)
LLY,C,2027-01-15,2026-03-20,2026-05-07,48,8405.34,9260.66,-855.3199999999997,-0.10175911979765241,26.780000686645508,20-35 (pause zone),19.970857823007563,<30 (oversold)
LLY,C,2026-09-18,2026-04-08,2026-04-21,13,5128.23,2765.66,2362.5699999999997,0.4606989156102593,21.040000915527344,20-35 (pause zone),58.63674456748982,30-70 (neutral)
LLY,C,2027-06-17,2026-04-27,2026-06-26,60,8214.17,25840.66,-17626.489999999998,-2.1458637939073575,18.020000457763672,<20 (bull),33.810941974435195,30-70 (neutral)
LMT,P,2027-01-15,2026-04-30,2026-05-27,27,2066.3,1467.66,598.6400000000001,0.28971591734017327,16.889999389648438,<20 (bull),11.394245439959064,<30 (oversold)
LMT,P,2026-09-18,2026-06-01,2026-06-15,14,834.32,650.66,183.66000000000008,0.22013136446447415,16.049999237060547,<20 (bull),52.94199663008888,30-70 (neutral)
LYFT,C,2026-12-18,2026-02-11,2026-04-13,61,897.35,566.65,330.70000000000005,0.3685295592578147,17.649999618530273,<20 (bull),24.54654335090538,<30 (oversold)
META,P,2026-10-16,2026-06-26,2026-07-01,5,2144.3,1049.66,1094.64,0.5104882712307046,18.40999984741211,<20 (bull),35.07853403141361,30-70 (neutral)
META,P,2026-11-20,2026-06-17,2026-07-01,14,2485.29,1821.66,663.6299999999999,0.2670231642987337,18.440000534057617,<20 (bull),32.55348005671661,30-70 (neutral)
META,P,2027-03-19,2026-04-10,2026-04-27,17,4015.26,2825.66,1189.6000000000004,0.2962697309763254,19.229999542236328,<20 (bull),58.65035445828687,30-70 (neutral)
META,P,2026-12-18,2026-04-13,2026-04-27,14,3919.26,2735.66,1183.6000000000004,0.30199578491858164,19.1200008392334,<20 (bull),57.486123811560354,30-70 (neutral)
MP,P,2026-09-18,2026-06-12,2026-06-15,3,469.33,400.66,68.66999999999996,0.1463149596232927,17.68000030517578,<20 (bull),41.02364309420398,30-70 (neutral)
MP,P,2026-09-18,2026-01-26,2026-05-07,101,1058.67,799.32,259.35,0.24497718835897872,16.149999618530273,<20 (bull),56.53470452759314,30-70 (neutral)
MP,P,2027-03-19,2026-04-21,2026-06-02,42,893.32,815.66,77.66000000000008,0.0869341333452739,19.5,<20 (bull),84.31374836959017,>70 (overbought)
MSFT,C,2026-07-17,2026-04-10,2026-04-29,19,914.32,3290.66,-2376.3399999999997,-2.599024411584565,19.229999542236328,<20 (bull),39.487769055693406,30-70 (neutral)
MSFT,C,2026-10-16,2026-04-08,2026-06-30,83,1334.31,1150.66,183.64999999999986,0.1376366811310714,21.040000915527344,20-35 (pause zone),35.14799823893206,30-70 (neutral)
MU,P,2027-01-15,2026-01-12,2026-02-03,22,4135.34,3164.66,970.6800000000003,0.23472797883608126,15.119999885559082,<20 (bull),78.22096192530701,>70 (overbought)
MU,P,2027-03-19,2026-04-14,2026-05-04,20,6869.2,4548.66,2320.54,0.33781808653118267,18.360000610351562,<20 (bull),65.47917671434769,30-70 (neutral)
MU,P,2026-08-21,2026-04-15,2026-04-23,8,4827.24,3910.66,916.5799999999999,0.1898766168659524,18.170000076293945,<20 (bull),66.65916939357118,30-70 (neutral)
NEE,P,2027-02-19,2026-03-09,2026-04-02,24,449.34,428.66,20.67999999999995,0.04602305603774414,25.5,20-35 (pause zone),47.6943459079226,30-70 (neutral)
NFLX,P,2026-07-17,2026-01-08,2026-02-27,50,339.34,250.66,88.67999999999998,0.26133081864796365,15.449999809265137,<20 (bull),25.290018684044924,<30 (oversold)
NFLX,P,2027-01-15,2026-03-04,2026-04-14,41,517.34,345.66,171.68,0.33185139366760735,21.149999618530273,20-35 (pause zone),78.13238576144121,>70 (overbought)
NFLX,P,2026-07-17,2026-04-28,2026-04-30,2,1503.64,1128.31,375.33000000000015,0.2496142693729883,17.829999923706055,<20 (bull),36.83430746419839,30-70 (neutral)
NFLX,P,2026-12-18,2026-03-05,2026-04-15,41,1296.67,711.32,585.35,0.4514255747414531,23.75,20-35 (pause zone),88.10068706958388,>70 (overbought)
NFLX,C,2026-12-18,2026-06-10,2026-06-17,7,584.66,421.32,163.33999999999997,0.27937604761741863,22.219999313354492,20-35 (pause zone),24.476142969514413,<30 (oversold)
NFLX,C,2026-07-17,2026-02-20,2026-05-04,73,174.67,204.32,-29.650000000000006,-0.16974866891853213,19.09000015258789,<20 (bull),36.916378493031026,30-70 (neutral)
NFLX,C,2026-12-18,2026-03-25,2026-04-28,34,1204.67,951.32,253.35000000000002,0.21030655698241013,25.329999923706055,20-35 (pause zone),27.874107575987722,<30 (oversold)
NFLX,C,2027-03-19,2026-04-28,2026-06-02,35,1284.97,651.32,633.65,0.49312435309773767,17.829999923706055,<20 (bull),36.83430746419839,30-70 (neutral)
NFLX,C,2026-11-20,2026-03-06,2026-03-24,18,844.67,200.66,644.01,0.76243976937739,29.489999771118164,20-35 (pause zone),87.2519291618443,>70 (overbought)
NFLX,C,2027-03-19,2026-04-13,2026-04-24,11,2693.28,1350.65,1342.63,0.4985111091308739,19.1200008392334,<20 (bull),78.69720036159029,>70 (overbought)
NKE,C,2026-06-18,2026-05-11,2026-06-03,23,112.34,73.66,38.68000000000001,0.34431191027238744,18.3799991607666,<20 (bull),23.95833436813615,<30 (oversold)
NKE,C,2026-11-20,2026-05-04,2026-06-26,53,498.33,315.66,182.66999999999996,0.3665643248449822,18.290000915527344,<20 (bull),41.654132664241324,30-70 (neutral)
NKE,C,2026-09-18,2026-04-01,2026-04-02,1,648.67,467.32,181.34999999999997,0.2795720474201057,24.540000915527344,20-35 (pause zone),22.351572086008773,<30 (oversold)
NKE,C,2026-10-16,2026-06-01,2026-06-25,24,209.34,100.66,108.68,0.5191554409095251,16.049999237060547,<20 (bull),72.86822928012602,>70 (overbought)
NKE,C,2027-03-19,2026-04-14,2026-06-26,73,633.66,421.32,212.33999999999997,0.33510084272322693,18.360000610351562,<20 (bull),24.520024122776732,<30 (oversold)
NKE,C,2027-01-15,2026-03-25,2026-04-01,7,553.34,246.66,306.68000000000006,0.5542342863338997,25.329999923706055,20-35 (pause zone),23.640176880552957,<30 (oversold)
NKE,C,2026-10-16,2026-03-10,2026-03-26,16,449.34,300.66,148.67999999999995,0.33088529843770853,24.93000030517578,20-35 (pause zone),12.687112743205972,<30 (oversold)
NOC,P,2026-08-21,2026-01-07,2026-01-30,23,1986.34,1200.66,785.6799999999998,0.39554154877815473,15.380000114440918,<20 (bull),53.198074148304144,30-70 (neutral)
NVDA,P,2027-03-19,2026-04-15,2026-05-11,26,1460.31,1140.66,319.64999999999986,0.2188918791215563,18.170000076293945,<20 (bull),71.38318798534173,>70 (overbought)
NVDA,P,2026-12-18,2026-04-22,2026-05-11,19,1384.31,1030.66,353.64999999999986,0.25547023426833576,18.920000076293945,<20 (bull),91.60191363942704,>70 (overbought)
NVO,P,2026-10-16,2026-06-15,2026-06-23,8,660.99,451.99,209.0,0.3161923780995174,16.200000762939453,<20 (bull),48.92086133497346,30-70 (neutral)
NVO,P,2027-06-17,2026-05-08,2026-06-26,49,1000.65,765.32,235.32999999999993,0.2351771348623394,17.190000534057617,<20 (bull),74.80106905986412,>70 (overbought)
NVO,C,2026-12-18,2026-04-22,2026-06-23,62,261.33,937.32,-675.99,-2.5867294225691655,18.920000076293945,<20 (bull),68.56745243702704,30-70 (neutral)
NVO,C,2026-12-18,2026-06-16,2026-06-23,7,295.33,937.32,-641.99,-2.173805573426337,16.40999984741211,<20 (bull),46.00638870556806,30-70 (neutral)
NVO,C,2026-09-18,2026-03-10,2026-03-23,13,133.34,80.66,52.68000000000001,0.39508024598770064,24.93000030517578,20-35 (pause zone),21.36238215227658,<30 (oversold)
NVO,C,2027-03-19,2026-06-23,2026-06-26,3,319.33,345.66,-26.33000000000004,-0.08245388782763925,19.489999771118164,<20 (bull),66.76603268362152,30-70 (neutral)
OKTA,C,2026-05-15,2026-03-03,2026-04-09,37,764.67,325.32,439.34999999999997,0.5745615755816235,23.56999969482422,20-35 (pause zone),27.868850721421936,<30 (oversold)
OKTA,C,2026-09-18,2026-04-09,2026-06-01,53,737.32,6251.66,-5514.34,-7.478896544241306,19.489999771118164,<20 (bull),33.01983963111009,30-70 (neutral)
OKTA,C,2026-12-18,2026-04-09,2026-06-01,53,1844.63,12623.32,-10778.689999999999,-5.843280224218406,19.489999771118164,<20 (bull),33.01983963111009,30-70 (neutral)
OKTA,C,2026-08-21,2026-02-23,2026-04-13,49,1182.67,557.32,625.35,0.5287611928940448,21.010000228881836,20-35 (pause zone),26.177070733179605,<30 (oversold)
OKTA,P,2027-01-15,2026-03-25,2026-05-21,57,4076.67,1580.66,2496.01,0.6122668746795792,25.329999923706055,20-35 (pause zone),46.533757749524845,30-70 (neutral)
OKTA,C,2026-05-15,2026-01-02,2026-02-23,52,1138.67,401.32,737.3500000000001,0.6475537249598217,14.510000228881836,<20 (bull),29.85509912896717,<30 (oversold)
OKTA,P,2026-08-21,2026-05-29,2026-06-01,3,454.33,253.66,200.67,0.4416833579116501,15.319999694824219,<20 (bull),81.71418597676397,>70 (overbought)
OKTA,P,2026-11-20,2026-06-29,2026-07-01,2,914.32,724.66,189.66000000000008,0.20743284626826503,17.649999618530273,<20 (bull),67.68591004890988,30-70 (neutral)
OKTA,P,2026-08-21,2026-06-01,2026-06-29,28,560.33,428.66,131.67000000000002,0.23498652579729803,16.049999237060547,<20 (bull),88.0335082027473,>70 (overbought)
OKTA,C,2027-03-19,2026-06-01,2026-06-10,9,2070.3,1151.66,918.6400000000001,0.4437231319132493,16.049999237060547,<20 (bull),88.0335082027473,>70 (overbought)
PYPL,C,2026-05-15,2026-02-05,2026-05-05,89,547.01,547.99,-0.9800000000000182,-0.0017915577411747833,21.770000457763672,20-35 (pause zone),10.432321105803553,<30 (oversold)
PYPL,C,2026-07-17,2026-06-01,2026-06-03,2,272.66,131.32,141.34000000000003,0.5183745323846549,16.049999237060547,<20 (bull),51.31289978188594,30-70 (neutral)
PYPL,C,2026-09-18,2026-02-05,2026-06-05,120,554.67,341.32,213.34999999999997,0.3846431211350893,21.770000457763672,20-35 (pause zone),10.432321105803553,<30 (oversold)
PYPL,C,2027-01-15,2026-05-14,2026-06-04,21,1272.97,661.32,611.65,0.48049050645341207,17.260000228881836,<20 (bull),21.00211923255395,<30 (oversold)
PYPL,C,2027-03-19,2026-05-05,2026-06-08,34,1148.65,701.32,447.33000000000004,0.389439777129674,17.3799991607666,<20 (bull),37.377050205509114,30-70 (neutral)
PYPL,C,2027-01-15,2026-03-03,2026-05-12,70,1346.67,351.32,995.3500000000001,0.739119457625105,23.56999969482422,20-35 (pause zone),66.7351188875387,30-70 (neutral)
PYPL,C,2026-05-15,2026-01-02,2026-01-30,28,868.67,359.32,509.34999999999997,0.5863561536601931,14.510000228881836,<20 (bull),24.011740098132023,<30 (oversold)
PYPL,C,2026-07-17,2026-01-14,2026-02-03,20,678.67,151.98,526.6899999999999,0.7760620036247365,16.75,<20 (bull),39.766085524143676,30-70 (neutral)
PYPL,C,2026-07-17,2026-01-20,2026-02-03,14,608.67,151.98,456.68999999999994,0.7503080486963378,20.09000015258789,20-35 (pause zone),28.487797616278527,<30 (oversold)
PYPL,C,2026-11-20,2026-01-30,2026-02-05,6,790.67,221.32,569.3499999999999,0.7200854971100459,17.440000534057617,<20 (bull),28.596019701066865,<30 (oversold)
PYPL,C,2026-09-18,2026-01-20,2026-02-17,28,1081.01,141.32,939.69,0.8692704045290979,20.09000015258789,20-35 (pause zone),28.487797616278527,<30 (oversold)
PYPL,C,2026-12-18,2026-01-20,2026-02-03,14,1306.01,221.32,1084.69,0.8305372853194081,20.09000015258789,20-35 (pause zone),28.487797616278527,<30 (oversold)
QQQ,P,2026-09-30,2026-01-05,2026-02-03,29,1456.34,1455.66,0.6799999999998363,0.00046692393259804464,14.899999618530273,<20 (bull),53.98503455277313,30-70 (neutral)
QQQ,P,2026-12-18,2026-02-27,2026-04-14,46,2766.34,1909.66,856.6800000000001,0.3096799381131748,19.860000610351562,<20 (bull),48.25801254760766,30-70 (neutral)
RBLX,C,2026-06-26,2026-05-14,2026-06-03,20,190.34,151.66,38.68000000000001,0.20321529893874124,17.260000228881836,<20 (bull),27.352614856147056,<30 (oversold)
RBLX,C,2026-12-18,2026-04-13,2026-05-01,18,812.32,345.66,466.66,0.5744780382115422,19.1200008392334,<20 (bull),51.676204966778144,30-70 (neutral)
RBLX,C,2026-12-18,2026-05-04,2026-05-08,4,440.66,169.66,271.0,0.614986610992602,18.290000915527344,<20 (bull),30.38390925509897,30-70 (neutral)
RKLB,P,2026-12-18,2026-06-25,2026-06-29,4,685.33,495.66,189.67000000000002,0.2767571826711219,18.889999389648438,<20 (bull),27.248496139144308,<30 (oversold)
RKLB,P,2026-08-21,2026-06-09,2026-07-01,22,534.33,415.66,118.67000000000002,0.22209121703815995,19.8700008392334,<20 (bull),40.65439102398095,30-70 (neutral)
RTX,P,2027-03-19,2026-05-11,2026-06-01,21,583.33,528.66,54.67000000000007,0.09372053554591753,18.3799991607666,<20 (bull),36.863116837863515,30-70 (neutral)
RTX,P,2027-03-19,2026-05-05,2026-05-29,24,1074.32,800.66,273.65999999999997,0.25472857249236724,17.3799991607666,<20 (bull),16.261224713756434,<30 (oversold)
RTX,P,2026-08-21,2026-03-04,2026-04-14,41,388.34,264.66,123.67999999999995,0.3184838028531698,21.149999618530273,20-35 (pause zone),63.79735959170369,30-70 (neutral)
RTX,P,2026-08-21,2026-05-07,2026-05-11,4,691.33,588.66,102.67000000000007,0.14851084142160773,17.079999923706055,<20 (bull),24.572767849558332,<30 (oversold)
RTX,P,2027-01-15,2026-02-26,2026-04-02,35,983.34,1015.66,-32.319999999999936,-0.032867573779160754,18.6299991607666,<20 (bull),52.80216445890073,30-70 (neutral)
SHOP,P,2026-11-20,2026-02-11,2026-02-24,13,1121.34,983.66,137.67999999999995,0.1227816719282287,17.649999618530273,<20 (bull),36.087021518524125,30-70 (neutral)
TAN,P,2027-01-15,2026-02-25,2026-04-20,54,357.34,359.66,-2.32000000000005,-0.006492416186265322,17.93000030517578,<20 (bull),53.84616503897275,30-70 (neutral)
TSLA,P,2026-11-20,2026-04-22,2026-05-07,15,1944.3,1425.66,518.6399999999999,0.2667489584940595,18.920000076293945,<20 (bull),52.67620063141609,30-70 (neutral)
TSM,P,2026-08-21,2026-01-26,2026-02-03,8,1069.34,890.66,178.67999999999995,0.16709372136083936,16.149999618530273,<20 (bull),56.92714945898981,30-70 (neutral)
TSM,P,2027-06-17,2026-04-22,2026-05-11,19,2729.28,2338.66,390.62000000000035,0.1431219955446126,18.920000076293945,<20 (bull),74.10049510624009,>70 (overbought)
TSM,P,2026-11-20,2026-06-11,2026-06-18,7,1488.31,1038.66,449.64999999999986,0.3021211978687235,19.440000534057617,<20 (bull),54.64495921247375,30-70 (neutral)
TSM,P,2026-09-18,2026-06-16,2026-06-29,13,698.33,541.66,156.67000000000007,0.22434951956811258,16.40999984741211,<20 (bull),50.93995642037058,30-70 (neutral)
UBER,P,2027-01-15,2026-03-05,2026-05-06,62,648.34,425.66,222.68,0.3434617638893173,23.75,20-35 (pause zone),63.71911534767804,30-70 (neutral)
ULTA,P,2026-11-20,2026-05-18,2026-06-25,38,1729.3,1155.66,573.6399999999999,0.33171803619961826,17.81999969482422,<20 (bull),25.561877696265626,<30 (oversold)
ULTA,P,2026-09-18,2026-01-06,2026-02-03,28,2342.34,1838.66,503.68000000000006,0.2150328304174458,14.75,<20 (bull),79.86602497398543,>70 (overbought)
UNH,P,2026-11-20,2026-04-14,2026-04-21,7,1539.31,829.66,709.65,0.46101824843598754,18.360000610351562,<20 (bull),77.18249608980213,>70 (overbought)
UNH,P,2026-12-18,2026-01-06,2026-04-22,106,1999.34,1299.66,699.6799999999998,0.3499554853101523,14.75,<20 (bull),57.81528241619037,30-70 (neutral)
UNH,P,2026-09-18,2026-05-08,2026-05-13,5,459.33,400.66,58.66999999999996,0.1277295190821413,17.190000534057617,<20 (bull),87.84833126448399,>70 (overbought)
UNH,P,2027-03-19,2026-04-21,2026-04-29,8,2110.3,1614.66,495.6400000000001,0.23486708050988014,19.5,<20 (bull),93.51486102116543,>70 (overbought)
UNH,P,2026-12-18,2026-04-22,2026-04-29,7,2226.29,1702.66,523.6299999999999,0.23520296097992618,18.920000076293945,<20 (bull),93.80918283647317,>70 (overbought)
UNH,P,2027-03-19,2026-05-04,2026-05-13,9,2130.3,1639.66,490.6400000000001,0.23031497911092338,18.290000915527344,<20 (bull),94.52139496806033,>70 (overbought)
UNH,C,2026-12-18,2026-01-27,2026-04-28,91,2349.34,6220.66,-3871.3199999999997,-1.6478330084193857,16.350000381469727,<20 (bull),25.833279358336327,<30 (oversold)
UNH,P,2027-03-19,2026-06-01,2026-06-10,9,2253.29,1660.66,592.6299999999999,0.26300653710796207,16.049999237060547,<20 (bull),46.43855862218223,30-70 (neutral)
UNH,C,2027-03-19,2026-04-07,2026-04-28,21,3070.28,6295.66,-3225.3799999999997,-1.0505165652644057,25.780000686645508,20-35 (pause zone),62.182740274230284,30-70 (neutral)
UNH,P,2026-11-20,2026-05-14,2026-06-08,25,1801.3,1600.66,200.63999999999987,0.11138622106256586,17.260000228881836,<20 (bull),83.23549646051269,>70 (overbought)
UNH,P,2026-11-20,2026-06-15,2026-06-26,11,1662.31,1350.66,311.64999999999986,0.1874800729105882,16.200000762939453,<20 (bull),77.08398322163718,>70 (overbought)
UNH,C,2027-03-19,2026-04-28,2026-06-23,56,3224.27,5400.66,-2176.39,-0.675002403644856,17.829999923706055,<20 (bull),94.05706106076705,>70 (overbought)
UNH,C,2026-12-18,2026-04-28,2026-04-29,1,1859.3,1859.66,-0.36000000000012733,-0.0001936212553112071,17.829999923706055,<20 (bull),94.05706106076705,>70 (overbought)
VRT,P,2026-08-21,2026-06-09,2026-06-15,6,944.32,670.66,273.6600000000001,0.28979583192138264,19.8700008392334,<20 (bull),33.00829891764825,30-70 (neutral)
VST,P,2026-12-18,2026-03-18,2026-05-27,70,528.34,416.66,111.68,0.21137903622667223,25.09000015258789,20-35 (pause zone),43.6528871144467,30-70 (neutral)
VST,P,2027-03-19,2026-03-10,2026-06-18,100,1249.34,1120.66,128.67999999999984,0.10299838314630112,24.93000030517578,20-35 (pause zone),43.94740702377281,30-70 (neutral)
VST,P,2026-09-18,2026-01-09,2026-04-14,95,1600.34,1524.66,75.67999999999984,0.04728995088543674,14.489999771118164,<20 (bull),50.1817494035286,30-70 (neutral)
VST,C,2026-09-18,2026-04-09,2026-04-21,12,814.32,617.66,196.66000000000008,0.24150211219176745,19.489999771118164,<20 (bull),37.444188296813955,30-70 (neutral)
VST,C,2026-12-18,2026-05-08,2026-05-15,7,829.32,600.66,228.66000000000008,0.27571986687888883,17.190000534057617,<20 (bull),39.09291214684295,30-70 (neutral)
VST,C,2026-12-18,2026-03-18,2026-03-26,8,1389.34,725.66,663.68,0.47769444484431456,25.09000015258789,20-35 (pause zone),43.6528871144467,30-70 (neutral)
VST,C,2027-03-19,2026-04-22,2026-05-11,19,1229.31,945.66,283.65,0.2307391951582595,18.920000076293945,<20 (bull),52.474961471249344,30-70 (neutral)
XLE,P,2026-11-20,2026-05-14,2026-05-22,8,614.66,507.32,107.33999999999997,0.17463313051117688,17.260000228881836,<20 (bull),55.71428727130444,30-70 (neutral)
XLE,P,2026-12-18,2026-05-20,2026-06-16,27,309.33,501.66,-192.33000000000004,-0.6217631655513531,17.440000534057617,<20 (bull),50.61323639911504,30-70 (neutral)
XLE,C,2027-01-15,2026-03-13,2026-04-17,35,458.34,219.66,238.67999999999998,0.5207487891085221,27.190000534057617,20-35 (pause zone),68.88885121293039,30-70 (neutral)
XLE,C,2026-12-31,2026-03-09,2026-04-17,39,267.34,109.66,157.67999999999998,0.5898107279120222,25.5,20-35 (pause zone),71.66944566668982,>70 (overbought)
XOM,P,2026-12-18,2026-05-04,2026-05-15,11,439.33,350.66,88.66999999999996,0.2018300594086449,18.290000915527344,<20 (bull),59.07792318558265,30-70 (neutral)
XYZ,P,2027-01-15,2026-03-10,2026-04-21,42,669.34,448.66,220.68,0.3296979113753847,24.93000030517578,20-35 (pause zone),73.86636351386949,>70 (overbought)
XYZ,P,2026-12-18,2026-04-21,2026-05-11,20,663.33,581.66,81.67000000000007,0.12312122171468208,19.5,<20 (bull),79.2024258473597,>70 (overbought)
XYZ,C,2026-09-18,2026-03-06,2026-03-26,20,1598.67,1151.32,447.35000000000014,0.2798263556581409,29.489999771118164,20-35 (pause zone),79.42330274738475,>70 (overbought)
ZBH,C,2026-09-18,2026-01-30,2026-04-28,88,523.34,210.66,312.68000000000006,0.597470095922345,17.440000534057617,<20 (bull),28.93586638106487,<30 (oversold)
ZS,P,2026-06-18,2026-03-10,2026-04-08,29,392.34,445.66,-53.32000000000005,-0.13590253351684778,24.93000030517578,20-35 (pause zone),42.067059123210754,30-70 (neutral)
ZS,C,2026-12-18,2026-03-24,2026-04-13,20,1886.34,1064.66,821.6799999999998,0.43559485564638395,26.950000762939453,20-35 (pause zone),30.038005579179867,30-70 (neutral)
ZS,C,2026-08-21,2026-03-10,2026-03-24,14,1129.34,625.66,503.67999999999995,0.4459950059326686,24.93000030517578,20-35 (pause zone),42.067059123210754,30-70 (neutral)
