Account,Symbol,OptionType,Strike,Expiry,OpenDate,CloseDate,DaysHeld,OpenPrice,ClosePrice,Premium,BuyToCost,Fees,GrossP&L,NetP&L,OpenQty,CloseQty,Month,Regime,Conviction,PositionType,Result
Account A,ABBV,P,2026-05-15,200.0,2026-01-12,2026-02-02,21,6.53,3.6,652.34,360.66,1.32,291.68,290.36,1,1,2026-01,EARLY_BULL,Medium,Put,Win
Account A,ABBV,P,2026-08-21,200.0,2026-01-02,2026-02-24,53,7.64,7.55,763.34,755.66,1.32,7.680000000000064,6.360000000000063,1,1,2026-01,EARLY_BULL,Medium,Put,Breakeven
Account A,ABNB,P,2027-03-19,105.0,2026-05-15,2026-06-01,17,6.27,5.55,626.33,555.66,1.33,70.67000000000007,69.34000000000007,1,1,2026-05,CAUTIOUS_BULL,Medium,Put,Breakeven
Account A,ABNB,P,2026-06-18,120.0,2026-01-12,2026-02-26,45,4.59,4.21,458.34,421.66,1.32,36.67999999999995,35.35999999999995,1,1,2026-01,EARLY_BULL,Medium,Put,Breakeven
Account A,ADBE,P,2026-11-20,200.0,2026-05-18,2026-06-01,14,10.25,7.67,1024.32,767.66,1.34,256.65999999999997,255.31999999999996,1,1,2026-05,CAUTIOUS_BULL,High,Put,Win
Account A,ADBE,C,2026-06-05,270.0,2026-05-06,2026-05-12,6,5.25,2.68,524.33,268.66,1.33,255.67000000000002,254.34,1,1,2026-05,CAUTIOUS_BULL,High,Call,Win
Account A,ADBE,C,2026-08-21,280.0,2026-03-23,2026-05-13,51,15.36,8.33,1535.34,833.66,1.32,701.68,700.3599999999999,1,1,2026-03,EARLY_BULL,High,Call,Win
Account A,ADBE,C,2026-05-15,290.0,2026-03-02,2026-03-13,11,10.92,5.6,1091.34,560.66,1.32,530.68,529.3599999999999,1,1,2026-03,EARLY_BULL,High,Call,Win
Account A,ADBE,C,2026-06-18,290.0,2026-03-13,2026-03-25,12,9.73,5.25,972.34,525.66,1.32,446.68000000000006,445.36000000000007,1,1,2026-03,EARLY_BULL,High,Call,Win
Account A,ADBE,C,2026-07-17,300.0,2026-02-23,2026-03-24,29,12.41,6.0,1240.34,600.66,1.32,639.68,638.3599999999999,1,1,2026-02,EARLY_BULL,High,Call,Win
Account A,ADBE,C,2026-09-18,300.0,2026-03-13,2026-04-13,31,15.67,7.32,1566.34,732.66,1.32,833.68,832.3599999999999,1,1,2026-03,EARLY_BULL,High,Call,Win
Account A,ADBE,C,2026-12-18,320.0,2026-02-18,2026-04-10,51,23.37,9.3,2336.34,930.66,1.32,1405.6800000000003,1404.3600000000004,1,1,2026-02,EARLY_BULL,High,Call,Win
Account A,ADBE,C,2026-09-18,330.0,2026-02-17,2026-03-13,24,14.88,9.5,1487.34,950.66,1.32,536.68,535.3599999999999,1,1,2026-02,EARLY_BULL,High,Call,Win
Account A,ADBE,C,2026-06-18,340.0,2026-01-30,2026-02-18,19,12.35,6.0,1234.34,600.66,1.32,633.68,632.3599999999999,1,1,2026-01,EARLY_BULL,High,Call,Win
Account A,ADBE,C,2026-04-17,350.0,2026-01-21,2026-02-13,23,5.25,1.75,524.34,175.66,1.32,348.68000000000006,347.36000000000007,1,1,2026-01,EARLY_BULL,High,Call,Win
Account A,ADBE,C,2026-09-18,370.0,2026-01-14,2026-03-02,47,18.68,7.5,1867.34,750.66,1.32,1116.6799999999998,1115.36,1,1,2026-01,EARLY_BULL,High,Call,Win
Account A,ADBE,C,2026-12-18,390.0,2026-01-14,2026-02-23,40,20.19,9.0,2018.34,900.66,1.32,1117.6799999999998,1116.36,1,1,2026-01,EARLY_BULL,High,Call,Win
Account A,ALB,P,2026-03-20,125.0,2026-01-02,2026-01-07,5,7.31,3.54,730.34,354.66,1.32,375.68,374.36,1,1,2026-01,EARLY_BULL,High,Put,Win
Account A,ALB,P,2026-09-18,130.0,2026-01-14,2026-02-24,41,12.6,10.75,1259.34,1075.66,1.32,183.67999999999984,182.35999999999984,1,1,2026-01,EARLY_BULL,High,Put,Breakeven
Account A,ALB,P,2026-03-20,140.0,2026-01-09,2026-01-22,13,5.45,2.99,544.34,299.66,1.32,244.68,243.36,1,1,2026-01,EARLY_BULL,High,Put,Win
Account A,ALB,P,2026-03-20,150.0,2026-01-13,2026-01-23,10,6.86,4.25,685.34,425.66,1.32,259.68,258.36,1,1,2026-01,EARLY_BULL,High,Put,Win
Account A,ALB,P,2026-06-18,150.0,2026-01-26,2026-02-27,32,11.4,11.22,1139.34,1122.66,1.32,16.679999999999836,15.359999999999836,1,1,2026-01,EARLY_BULL,High,Put,Breakeven
Account A,AMZN,P,2026-05-15,160.0,2026-03-09,2026-03-10,1,2.18,1.6,217.34,160.66,1.32,56.68000000000001,55.36000000000001,1,1,2026-03,EARLY_BULL,High,Put,Breakeven
Account A,AMZN,P,2026-05-01,180.0,2026-03-13,2026-03-17,4,3.55,2.5,354.34,250.66,1.32,103.67999999999998,102.35999999999999,1,1,2026-03,EARLY_BULL,High,Put,Breakeven
Account A,AMZN,P,2027-01-15,185.0,2026-03-17,2026-04-14,28,13.05,6.9,1304.34,690.66,1.32,613.68,612.3599999999999,1,1,2026-03,EARLY_BULL,High,Put,Win
Account A,AMZN,P,2026-07-17,190.0,2026-02-10,2026-03-23,41,10.65,7.8,2128.67,1561.32,2.6500000000000004,567.3500000000001,564.7000000000002,2,2,2026-02,EARLY_BULL,High,Put,Win
Account A,AMZN,P,2026-11-20,210.0,2026-01-27,2026-04-24,87,14.65,8.66,1464.34,866.66,1.32,597.68,596.3599999999999,1,1,2026-01,EARLY_BULL,High,Put,Win
Account A,AMZN,P,2027-06-17,210.0,2026-04-28,2026-05-11,13,14.55,11.42,1454.31,1142.66,1.35,311.64999999999986,310.29999999999984,1,1,2026-04,CAUTIOUS_BULL,High,Put,Win
Account A,AMZN,P,2026-07-17,215.0,2026-01-29,2026-04-14,75,10.35,5.5,1034.34,550.66,1.32,483.67999999999995,482.35999999999996,1,1,2026-01,EARLY_BULL,High,Put,Win
Account A,AMZN,C,2026-08-21,240.0,2026-03-19,2026-04-29,41,9.6,37.0,959.34,3700.66,1.32,-2741.3199999999997,-2742.64,1,1,2026-03,EARLY_BULL,High,Call,Loss
Account A,AMZN,P,2027-03-19,240.0,2026-05-05,2026-05-11,6,16.85,16.85,1684.31,1685.66,1.35,-1.3500000000001364,-2.7000000000001365,1,1,2026-05,CAUTIOUS_BULL,High,Put,Breakeven
Account A,AMZN,P,2026-08-21,245.0,2026-04-14,2026-04-24,10,18.85,14.2,1884.3,1420.66,1.3599999999999999,463.6399999999999,462.27999999999986,1,1,2026-04,CAUTIOUS_BULL,High,Put,Win
Account A,AMZN,P,2026-12-18,250.0,2026-04-14,2026-04-29,15,27.9,20.58,2789.28,2058.66,1.38,730.6200000000003,729.2400000000004,1,1,2026-04,CAUTIOUS_BULL,High,Put,Win
Account A,AMZN,P,2026-07-17,255.0,2026-04-27,2026-05-01,4,13.02,7.6,1301.31,760.66,1.35,540.65,539.3,1,1,2026-04,CAUTIOUS_BULL,High,Put,Win
Account A,AMZN,C,2026-12-18,255.0,2026-03-19,2026-04-30,42,11.85,34.1,1184.34,3410.66,1.32,-2226.3199999999997,-2227.64,1,1,2026-03,EARLY_BULL,High,Call,Loss
Account A,AMZN,C,2026-06-18,260.0,2026-03-09,2026-03-19,10,3.05,1.85,304.34,185.66,1.32,118.67999999999998,117.35999999999999,1,1,2026-03,EARLY_BULL,High,Call,Breakeven
Account A,AMZN,C,2026-09-18,275.0,2026-03-04,2026-03-19,15,6.54,3.9,653.34,390.66,1.32,262.68,261.36,1,1,2026-03,EARLY_BULL,High,Call,Win
Account A,ANET,P,2026-08-21,95.0,2026-03-02,2026-03-23,21,5.15,4.48,514.34,448.66,1.32,65.68,64.36000000000001,1,1,2026-03,EARLY_BULL,High,Put,Breakeven
Account A,ANET,P,2026-06-18,100.0,2026-03-09,2026-03-10,1,4.08,3.0,407.34,300.66,1.32,106.67999999999995,105.35999999999996,1,1,2026-03,EARLY_BULL,High,Put,Breakeven
Account A,ANET,P,2026-09-18,110.0,2026-01-26,2026-04-15,79,7.65,5.02,764.34,502.66,1.32,261.68,260.36,1,1,2026-01,EARLY_BULL,High,Put,Win
Account A,ANET,P,2026-07-17,120.0,2026-01-29,2026-04-08,69,7.17,6.15,716.34,615.66,1.32,100.68000000000006,99.36000000000007,1,1,2026-01,EARLY_BULL,High,Put,Breakeven
Account A,ANET,P,2027-03-19,120.0,2026-04-16,2026-05-05,19,13.26,11.95,1325.31,1195.66,1.35,129.64999999999986,128.29999999999987,1,1,2026-04,CAUTIOUS_BULL,High,Put,Breakeven
Account A,ANET,P,2026-12-18,125.0,2026-04-16,2026-04-24,8,11.78,9.35,1177.32,935.66,1.34,241.65999999999997,240.31999999999996,1,1,2026-04,CAUTIOUS_BULL,High,Put,Win
Account A,ANET,P,2026-12-18,145.0,2026-04-20,2026-06-02,43,16.91,14.92,1690.31,1492.66,1.35,197.64999999999986,196.29999999999987,1,1,2026-04,CAUTIOUS_BULL,High,Put,Breakeven
Account A,ANET,C,2026-06-18,175.0,2026-03-09,2026-03-20,11,4.65,3.0,464.34,300.66,1.32,163.67999999999995,162.35999999999996,1,1,2026-03,EARLY_BULL,High,Call,Breakeven
Account A,ANET,C,2026-08-21,190.0,2026-03-04,2026-03-30,26,4.86,2.49,485.34,249.66,1.32,235.67999999999998,234.35999999999999,1,1,2026-03,EARLY_BULL,High,Call,Win
Account A,ANET,C,2026-12-18,190.0,2026-02-27,2026-05-04,66,7.35,26.31,734.34,5263.32,1.98,-4528.98,-4530.959999999999,1,2,2026-02,EARLY_BULL,High,Call,Loss
Account A,ANET,C,2026-12-18,190.0,2026-03-02,2026-05-04,63,8.4,26.31,839.34,5263.32,1.98,-4423.98,-4425.959999999999,1,2,2026-03,EARLY_BULL,High,Call,Loss
Account A,ANET,C,2027-03-19,230.0,2026-05-04,2026-05-06,2,20.82,12.04,2081.3,1204.66,1.3599999999999999,876.6400000000001,875.2800000000001,1,1,2026-05,CAUTIOUS_BULL,High,Call,Win
Account A,APH,P,2026-08-21,95.0,2026-04-06,2026-04-13,7,4.57,2.75,456.34,275.66,1.32,180.67999999999995,179.35999999999996,1,1,2026-04,CAUTIOUS_BULL,Medium,Put,Breakeven
Account A,APH,P,2026-11-20,110.0,2026-02-26,2026-04-29,62,7.57,6.14,756.34,614.66,1.32,141.68000000000006,140.36000000000007,1,1,2026-02,EARLY_BULL,Medium,Put,Breakeven
Account A,APH,C,2027-03-19,220.0,2026-05-04,2026-05-08,4,6.67,6.3,666.33,630.66,1.33,35.67000000000007,34.340000000000074,1,1,2026-05,CAUTIOUS_BULL,Medium,Call,Breakeven
Account A,APP,P,2026-05-15,350.0,2026-02-20,2026-03-05,13,30.33,16.75,3032.34,1675.66,1.32,1356.68,1355.3600000000001,1,1,2026-02,EARLY_BULL,High,Put,Win
Account A,APP,P,2026-11-20,350.0,2026-03-05,2026-05-04,60,53.61,39.44,5360.34,3944.66,1.32,1415.6800000000003,1414.3600000000004,1,1,2026-03,EARLY_BULL,High,Put,Win
Account A,APP,P,2026-07-17,370.0,2026-05-08,2026-05-21,13,12.0,8.54,1199.32,854.66,1.34,344.65999999999997,343.32,1,1,2026-05,CAUTIOUS_BULL,High,Put,Win
Account A,APP,P,2027-06-17,380.0,2026-05-04,2026-05-27,23,80.38,61.95,8037.17,6195.66,1.49,1841.5100000000002,1840.0200000000002,1,1,2026-05,CAUTIOUS_BULL,High,Put,Win
Account A,APP,P,2026-08-21,400.0,2026-05-12,2026-05-27,15,30.28,17.71,3027.28,1771.66,1.38,1255.6200000000001,1254.24,1,1,2026-05,CAUTIOUS_BULL,High,Put,Win
Account A,APP,P,2026-04-17,440.0,2026-03-09,2026-04-15,37,22.1,4.8,2209.34,480.66,1.32,1728.68,1727.3600000000001,1,1,2026-03,EARLY_BULL,High,Put,Win
Account A,APP,P,2026-12-18,440.0,2026-05-04,2026-05-27,23,83.25,57.2,8324.17,5720.66,1.49,2603.51,2602.0200000000004,1,1,2026-05,CAUTIOUS_BULL,High,Put,Win
Account A,APP,P,2026-06-18,450.0,2026-04-15,2026-05-04,19,52.4,38.07,5239.23,3807.66,1.4300000000000002,1431.5699999999997,1430.1399999999996,1,1,2026-04,CAUTIOUS_BULL,High,Put,Win
Account A,APP,P,2026-07-17,460.0,2026-04-20,2026-05-04,14,56.14,52.1,5613.22,5210.66,1.44,402.5600000000004,401.1200000000004,1,1,2026-04,CAUTIOUS_BULL,High,Put,Win
Account A,APP,C,2026-06-18,470.0,2026-04-01,2026-05-04,33,32.35,56.27,3234.34,5627.66,1.32,-2393.3199999999997,-2394.64,1,1,2026-04,CAUTIOUS_BULL,High,Call,Loss
Account A,APP,C,2026-05-15,480.0,2026-02-18,2026-03-26,36,30.04,20.4,3003.34,2040.66,1.32,962.6800000000001,961.36,1,1,2026-02,EARLY_BULL,High,Call,Win
Account A,APP,C,2026-08-21,490.0,2026-03-26,2026-05-04,39,45.92,75.79,4591.34,7579.66,1.32,-2988.3199999999997,-2989.64,1,1,2026-03,EARLY_BULL,High,Call,Loss
Account A,APP,C,2026-12-18,500.0,2026-03-26,2026-05-26,61,67.6,128.16,6759.34,12816.66,1.32,-6057.32,-6058.639999999999,1,1,2026-03,EARLY_BULL,High,Call,Loss
Account A,APP,C,2026-08-21,550.0,2026-05-04,2026-05-26,22,53.45,66.42,5344.23,6642.66,1.4300000000000002,-1298.4300000000003,-1299.8600000000004,1,1,2026-05,CAUTIOUS_BULL,High,Call,Loss
Account A,APP,C,2027-06-17,580.0,2026-04-24,2026-05-26,32,103.63,142.5,10362.13,14250.66,1.53,-3888.5300000000007,-3890.060000000001,1,1,2026-04,CAUTIOUS_BULL,High,Call,Loss
Account A,ASML,P,2026-09-18,1100.0,2026-01-05,2026-01-21,16,97.4,74.66,9739.34,7466.66,1.32,2272.6800000000003,2271.36,1,1,2026-01,EARLY_BULL,Low,Put,Win
Account A,AXON,C,2026-06-18,410.0,2026-04-10,2026-04-30,20,17.96,40.65,1795.3,4065.66,1.3599999999999999,-2270.3599999999997,-2271.72,1,1,2026-04,CAUTIOUS_BULL,High,Call,Loss
Account A,AXON,C,2026-05-22,420.0,2026-05-06,2026-05-07,1,19.3,28.3,1929.3,2830.66,1.3599999999999999,-901.3599999999999,-902.7199999999999,1,1,2026-05,CAUTIOUS_BULL,High,Call,Loss
Account A,AXON,C,2026-05-15,425.0,2026-04-29,2026-04-30,1,14.5,22.15,1449.31,2215.66,1.35,-766.3499999999999,-767.6999999999999,1,1,2026-04,CAUTIOUS_BULL,High,Call,Loss
Account A,AXON,C,2026-06-26,440.0,2026-05-08,2026-05-13,5,16.1,10.0,1609.31,1000.66,1.35,608.65,607.3,1,1,2026-05,CAUTIOUS_BULL,High,Call,Win
Account A,AXON,C,2026-06-18,470.0,2026-04-30,2026-05-05,5,19.56,11.65,1955.3,1165.66,1.3599999999999999,789.6399999999999,788.2799999999999,1,1,2026-04,CAUTIOUS_BULL,High,Call,Win
Account A,AXON,P,2026-06-18,470.0,2026-03-03,2026-06-02,91,30.3,21.0,3029.34,2100.66,1.32,928.6800000000003,927.3600000000002,1,1,2026-03,EARLY_BULL,High,Put,Win
Account A,AXON,C,2026-06-18,500.0,2026-04-07,2026-04-10,3,12.8,5.16,1279.31,516.66,1.35,762.65,761.3,1,1,2026-04,CAUTIOUS_BULL,High,Call,Win
Account A,AXON,C,2026-09-18,500.0,2026-05-01,2026-05-13,12,37.5,21.0,3749.26,2100.66,1.4,1648.6000000000004,1647.2000000000003,1,1,2026-05,CAUTIOUS_BULL,High,Call,Win
Account A,AXON,C,2026-05-15,510.0,2026-04-01,2026-04-07,6,18.49,8.05,1848.34,805.66,1.32,1042.6799999999998,1041.36,1,1,2026-04,CAUTIOUS_BULL,High,Call,Win
Account A,AXON,C,2026-06-18,560.0,2026-02-04,2026-03-30,54,27.8,15.87,2779.34,1587.66,1.32,1191.68,1190.3600000000001,1,1,2026-02,EARLY_BULL,High,Call,Win
Account A,AXON,C,2026-09-18,600.0,2026-02-20,2026-04-08,47,40.31,16.83,4030.34,1683.66,1.32,2346.6800000000003,2345.36,1,1,2026-02,EARLY_BULL,High,Call,Win
Account A,AXON,C,2026-09-18,600.0,2026-05-04,2026-05-11,7,16.58,14.5,1657.31,1450.66,1.35,206.64999999999986,205.29999999999987,1,1,2026-05,CAUTIOUS_BULL,High,Call,Win
Account A,AXON,C,2026-12-18,600.0,2026-01-30,2026-04-29,89,72.48,30.15,7247.34,3015.66,1.32,4231.68,4230.360000000001,1,1,2026-01,EARLY_BULL,High,Call,Win
Account A,AXON,C,2026-06-18,620.0,2026-03-03,2026-03-16,13,49.08,20.0,4907.34,2000.66,1.32,2906.6800000000003,2905.36,1,1,2026-03,EARLY_BULL,High,Call,Win
Account A,AXON,C,2027-01-15,620.0,2026-03-17,2026-04-29,43,68.3,30.44,6829.34,3044.66,1.32,3784.6800000000003,3783.36,1,1,2026-03,EARLY_BULL,High,Call,Win
Account A,AXON,C,2026-12-18,710.0,2026-01-09,2026-01-30,21,100.2,47.0,10019.34,4700.66,1.32,5318.68,5317.360000000001,1,1,2026-01,EARLY_BULL,High,Call,Win
Account A,BA,P,2026-05-15,200.0,2026-01-14,2026-01-22,8,3.66,2.45,365.34,245.66,1.32,119.67999999999998,118.35999999999999,1,1,2026-01,EARLY_BULL,Low,Put,Breakeven
Account A,BE,P,2027-06-17,170.0,2026-05-08,2026-05-13,5,45.37,42.56,4536.25,4256.66,1.4100000000000001,279.59000000000015,278.1800000000001,1,1,2026-05,CAUTIOUS_BULL,Medium,Put,Win
Account A,BRKB,P,2027-06-17,430.0,2026-05-11,2026-05-13,2,13.82,12.8,1381.31,1280.66,1.35,100.64999999999986,99.29999999999987,1,1,2026-05,CAUTIOUS_BULL,Medium,Put,Breakeven
Account A,BRKB,P,2026-12-18,450.0,2026-05-04,2026-05-12,8,14.7,10.8,1469.31,1080.66,1.35,388.64999999999986,387.29999999999984,1,1,2026-05,CAUTIOUS_BULL,Medium,Put,Win
Account A,COIN,P,2026-12-18,120.0,2026-02-20,2026-03-17,25,16.09,11.0,1608.34,1100.66,1.32,507.67999999999984,506.35999999999984,1,1,2026-02,EARLY_BULL,High,Put,Win
Account A,COIN,P,2026-07-17,170.0,2026-05-01,2026-05-05,4,13.3,10.06,1329.31,1006.66,1.35,322.65,321.29999999999995,1,1,2026-05,CAUTIOUS_BULL,High,Put,Win
Account A,COIN,C,2026-06-26,200.0,2026-05-27,2026-06-03,7,5.1,2.47,509.33,247.66,1.33,261.66999999999996,260.34,1,1,2026-05,CAUTIOUS_BULL,High,Call,Win
Account A,COIN,C,2026-07-17,200.0,2026-03-31,2026-05-06,36,14.12,24.15,1411.34,2415.66,1.32,-1004.3199999999999,-1005.64,1,1,2026-03,EARLY_BULL,High,Call,Loss
Account A,COIN,C,2026-06-05,230.0,2026-05-07,2026-05-08,1,5.75,2.13,574.33,213.66,1.33,360.6700000000001,359.3400000000001,1,1,2026-05,CAUTIOUS_BULL,High,Call,Win
Account A,COIN,C,2026-06-12,230.0,2026-05-08,2026-05-18,10,6.1,4.05,609.33,405.66,1.33,203.67000000000002,202.34,1,1,2026-05,CAUTIOUS_BULL,High,Call,Win
Account A,COIN,C,2026-09-18,230.0,2026-05-08,2026-06-02,25,15.1,12.84,1509.31,1284.66,1.35,224.64999999999986,223.29999999999987,1,1,2026-05,CAUTIOUS_BULL,High,Call,Win
Account A,COIN,C,2026-07-17,240.0,2026-03-11,2026-03-25,14,19.18,12.0,1917.34,1200.66,1.32,716.6799999999998,715.3599999999998,1,1,2026-03,EARLY_BULL,High,Call,Win
Account A,COIN,C,2026-09-18,240.0,2026-05-06,2026-05-27,21,18.05,10.15,1804.3,1015.66,1.3599999999999999,788.64,787.28,1,1,2026-05,CAUTIOUS_BULL,High,Call,Win
Account A,COIN,C,2027-01-15,240.0,2026-03-25,2026-06-02,69,32.22,23.15,3221.34,2315.66,1.32,905.6800000000003,904.3600000000002,1,1,2026-03,EARLY_BULL,High,Call,Win
Account A,COIN,C,2026-09-18,250.0,2026-03-02,2026-03-30,28,19.44,10.53,1943.34,1053.66,1.32,889.6799999999998,888.3599999999998,1,1,2026-03,EARLY_BULL,High,Call,Win
Account A,COIN,C,2026-12-18,250.0,2026-05-06,2026-06-01,26,27.9,19.55,2789.28,1955.66,1.38,833.6200000000001,832.2400000000001,1,1,2026-05,CAUTIOUS_BULL,High,Call,Win
Account A,COIN,C,2026-05-15,280.0,2026-03-04,2026-03-11,7,6.92,4.5,691.34,450.66,1.32,240.68,239.36,1,1,2026-03,EARLY_BULL,High,Call,Win
Account A,COIN,C,2027-01-15,300.0,2026-03-05,2026-03-25,20,28.75,18.0,2874.34,1800.66,1.32,1073.68,1072.3600000000001,1,1,2026-03,EARLY_BULL,High,Call,Win
Account A,COST,P,2027-03-19,740.0,2026-06-02,2026-06-05,3,12.94,11.75,1293.31,1175.66,1.35,117.64999999999986,116.29999999999987,1,1,2026-06,LATE_BULL,Low,Put,Breakeven
Account A,CRCL,P,2026-10-16,95.0,2026-03-09,2026-03-17,8,17.74,13.4,1773.34,1340.66,1.32,432.67999999999984,431.35999999999984,1,1,2026-03,EARLY_BULL,High,Put,Win
Account A,CRCL,C,2026-09-18,135.0,2026-03-31,2026-06-05,66,8.65,4.23,864.34,423.66,1.32,440.68,439.36,1,1,2026-03,EARLY_BULL,High,Call,Win
Account A,CRCL,C,2026-10-16,140.0,2026-03-04,2026-03-31,27,15.74,10.0,1573.34,1000.66,1.32,572.68,571.3599999999999,1,1,2026-03,EARLY_BULL,High,Call,Win
Account A,CRCL,C,2027-06-17,150.0,2026-04-28,2026-06-08,41,20.12,16.0,2011.3,1600.66,1.3599999999999999,410.6399999999999,409.27999999999986,1,1,2026-04,CAUTIOUS_BULL,High,Call,Win
Account A,CRCL,C,2026-12-18,155.0,2026-04-14,2026-04-28,14,14.0,11.42,1399.31,1142.66,1.35,256.64999999999986,255.29999999999987,1,1,2026-04,CAUTIOUS_BULL,High,Call,Win
Account A,CRM,C,2026-06-18,200.0,2026-05-07,2026-05-08,1,8.08,5.2,807.32,520.66,1.34,286.6600000000001,285.3200000000001,1,1,2026-05,CAUTIOUS_BULL,High,Call,Win
Account A,CRM,C,2026-07-17,200.0,2026-05-27,2026-06-08,12,6.79,4.7,678.33,470.66,1.33,207.67000000000002,206.34,1,1,2026-05,CAUTIOUS_BULL,High,Call,Win
Account A,CRM,C,2026-08-21,220.0,2026-05-01,2026-05-13,12,5.92,3.5,591.33,350.66,1.33,240.67000000000002,239.34,1,1,2026-05,CAUTIOUS_BULL,High,Call,Win
Account A,CRM,C,2026-08-21,230.0,2026-04-07,2026-04-09,2,4.46,2.44,445.33,244.66,1.33,200.67,199.33999999999997,1,1,2026-04,CAUTIOUS_BULL,High,Call,Breakeven
Account A,CRM,C,2026-08-21,240.0,2026-02-20,2026-03-24,32,8.8,4.25,879.34,425.66,1.32,453.68,452.36,1,1,2026-02,EARLY_BULL,High,Call,Win
Account A,CRM,C,2026-11-20,240.0,2026-03-18,2026-04-10,23,10.67,4.09,1066.34,409.66,1.32,656.6799999999998,655.3599999999998,1,1,2026-03,EARLY_BULL,High,Call,Win
Account A,CRM,C,2027-03-19,250.0,2026-03-18,2026-04-13,26,14.6,7.94,1459.34,794.66,1.32,664.68,663.3599999999999,1,1,2026-03,EARLY_BULL,High,Call,Win
Account A,CRM,C,2026-08-21,260.0,2026-01-16,2026-02-17,32,15.43,5.45,1542.34,545.66,1.32,996.68,995.3599999999999,1,1,2026-01,EARLY_BULL,High,Call,Win
Account A,CRM,C,2026-04-17,280.0,2026-01-14,2026-01-16,2,5.65,3.15,564.34,315.66,1.32,248.68,247.36,1,1,2026-01,EARLY_BULL,High,Call,Win
Account A,CRM,C,2026-12-18,280.0,2026-02-04,2026-03-11,35,10.18,6.1,1017.34,610.66,1.32,406.68000000000006,405.36000000000007,1,1,2026-02,EARLY_BULL,High,Call,Win
Account A,CRM,C,2027-01-15,280.0,2026-01-21,2026-03-11,49,15.9,7.0,1589.34,700.66,1.32,888.68,887.3599999999999,1,1,2026-01,EARLY_BULL,High,Call,Win
Account A,CRWD,P,2027-03-19,320.0,2026-04-08,2026-05-08,30,26.1,16.78,2609.29,1678.66,1.37,930.6299999999999,929.2599999999999,1,1,2026-04,CAUTIOUS_BULL,High,Put,Win
Account A,CRWD,P,2026-12-18,340.0,2026-04-16,2026-04-27,11,29.35,22.42,2934.28,2242.66,1.38,691.6200000000003,690.2400000000004,1,1,2026-04,CAUTIOUS_BULL,High,Put,Win
Account A,CRWD,P,2026-07-17,390.0,2026-04-30,2026-05-05,5,16.65,12.75,1664.31,1275.66,1.35,388.64999999999986,387.29999999999984,1,1,2026-04,CAUTIOUS_BULL,High,Put,Win
Account A,CRWD,P,2026-07-17,420.0,2026-05-04,2026-05-07,3,19.46,13.23,1945.3,1323.66,1.3599999999999999,621.6399999999999,620.2799999999999,1,1,2026-05,CAUTIOUS_BULL,High,Put,Win
Account A,CRWD,P,2027-06-17,420.0,2026-05-13,2026-05-20,7,46.0,36.45,4599.25,3645.66,1.4100000000000001,953.5900000000001,952.1800000000002,1,1,2026-05,CAUTIOUS_BULL,High,Put,Win
Account A,CRWD,P,2026-07-17,470.0,2026-05-08,2026-05-11,3,26.95,22.7,2694.28,2270.66,1.38,423.62000000000035,422.24000000000035,1,1,2026-05,CAUTIOUS_BULL,High,Put,Win
Account A,CRWD,C,2026-09-18,480.0,2026-03-31,2026-05-08,38,19.6,89.38,1959.34,8938.66,1.32,-6979.32,-6980.639999999999,1,1,2026-03,EARLY_BULL,High,Call,Loss
Account A,CRWD,P,2026-07-17,500.0,2026-05-18,2026-05-21,3,13.5,7.79,1349.31,779.66,1.35,569.65,568.3,1,1,2026-05,CAUTIOUS_BULL,High,Put,Win
Account A,CRWD,C,2026-07-17,520.0,2026-05-01,2026-05-08,7,15.25,48.95,1524.31,4895.66,1.35,-3371.35,-3372.7,1,1,2026-05,CAUTIOUS_BULL,High,Call,Loss
Account A,CRWD,P,2026-10-16,520.0,2026-05-15,2026-06-01,17,42.35,20.1,4234.25,2010.66,1.4100000000000001,2223.59,2222.1800000000003,1,1,2026-05,CAUTIOUS_BULL,High,Put,Win
Account A,CRWD,C,2026-09-18,550.0,2026-03-18,2026-03-30,12,19.55,10.71,1954.34,1071.66,1.32,882.6799999999998,881.3599999999998,1,1,2026-03,EARLY_BULL,High,Call,Win
Account A,CRWD,P,2026-09-18,550.0,2026-05-26,2026-05-29,3,30.61,25.42,3060.28,2542.66,1.38,517.6200000000003,516.2400000000004,1,1,2026-05,CAUTIOUS_BULL,High,Put,Win
Account A,CRWD,C,2027-01-15,550.0,2026-03-05,2026-05-08,64,37.71,79.85,3770.34,7985.66,1.32,-4215.32,-4216.639999999999,1,1,2026-03,EARLY_BULL,High,Call,Loss
Account A,CRWD,P,2027-06-17,550.0,2026-05-22,2026-05-29,7,74.79,70.0,7478.19,7000.66,1.4700000000000002,477.52999999999975,476.0599999999997,1,1,2026-05,CAUTIOUS_BULL,High,Put,Win
Account A,CRWD,C,2026-12-18,620.0,2026-05-08,2026-05-18,10,49.99,102.79,4998.24,10279.66,1.42,-5281.42,-5282.84,1,1,2026-05,CAUTIOUS_BULL,High,Call,Loss
Account A,CRWD,P,2026-06-12,650.0,2026-05-29,2026-06-01,3,16.51,10.13,1650.31,1013.66,1.35,636.65,635.3,1,1,2026-05,CAUTIOUS_BULL,High,Put,Win
Account A,DIS,P,2026-12-18,100.0,2026-04-20,2026-05-07,17,6.63,5.34,662.33,534.66,1.33,127.67000000000007,126.34000000000007,1,1,2026-04,CAUTIOUS_BULL,Medium,Put,Breakeven
Account A,DIS,C,2027-01-15,130.0,2026-03-06,2026-03-25,19,3.1,1.9,309.34,190.66,1.32,118.67999999999998,117.35999999999999,1,1,2026-03,EARLY_BULL,Medium,Call,Breakeven
Account A,ETSY,P,2026-09-18,55.0,2026-04-20,2026-04-29,9,5.0,3.1,499.33,310.66,1.33,188.66999999999996,187.33999999999995,1,1,2026-04,CAUTIOUS_BULL,High,Put,Breakeven
Account A,ETSY,C,2026-06-18,60.0,2026-04-07,2026-04-29,22,3.5,11.9,349.33,1190.66,1.33,-841.3300000000002,-842.6600000000002,1,1,2026-04,CAUTIOUS_BULL,High,Call,Loss
Account A,ETSY,C,2026-09-18,60.0,2026-03-20,2026-04-29,40,6.64,16.3,663.34,1630.66,1.32,-967.32,-968.6400000000001,1,1,2026-03,EARLY_BULL,High,Call,Loss
Account A,ETSY,C,2026-06-18,65.0,2026-03-06,2026-03-24,18,3.28,1.5,327.34,150.66,1.32,176.67999999999998,175.35999999999999,1,1,2026-03,EARLY_BULL,High,Call,Breakeven
Account A,ETSY,P,2026-06-18,65.0,2026-04-20,2026-04-29,9,7.11,3.31,710.33,331.66,1.33,378.67,377.34000000000003,1,1,2026-04,CAUTIOUS_BULL,High,Put,Win
Account A,EWJ,P,2026-06-18,76.84,2026-03-13,2026-03-23,10,1.96,2.0,195.34,200.66,1.32,-5.319999999999993,-6.6399999999999935,1,1,2026-03,EARLY_BULL,High,Put,Breakeven
Account A,EWJ,P,2027-01-15,83.84,2026-01-28,2026-02-04,7,5.2,6.9,519.34,690.66,1.32,-171.31999999999994,-172.63999999999993,1,1,2026-01,EARLY_BULL,High,Put,Loss
Account A,EWJ,P,2027-01-15,84.84,2026-02-25,2026-06-01,96,4.03,3.6,402.34,360.66,1.32,41.67999999999995,40.35999999999995,1,1,2026-02,EARLY_BULL,High,Put,Breakeven
Account A,EWJ,P,2026-09-18,85.0,2026-05-08,2026-05-28,20,2.32,2.9,231.34,290.66,1.32,-59.32000000000002,-60.64000000000002,1,1,2026-05,CAUTIOUS_BULL,High,Put,Breakeven
Account A,EWW,P,2027-01-15,67.0,2026-03-17,2026-03-30,13,5.12,5.35,511.34,535.66,1.32,-24.319999999999993,-25.639999999999993,1,1,2026-03,EARLY_BULL,Low,Put,Breakeven
Account A,EWY,P,2026-07-17,92.0,2026-01-05,2026-01-30,25,3.75,2.53,374.34,253.66,1.32,120.67999999999998,119.35999999999999,1,1,2026-01,EARLY_BULL,High,Put,Breakeven
Account A,EWY,P,2027-01-15,100.0,2026-03-06,2026-03-23,17,12.62,9.0,1261.34,900.66,1.32,360.67999999999995,359.35999999999996,1,1,2026-03,EARLY_BULL,High,Put,Win
Account A,EWY,P,2027-01-15,105.0,2026-03-13,2026-04-14,32,12.36,7.5,1235.34,750.66,1.32,484.67999999999995,483.35999999999996,1,1,2026-03,EARLY_BULL,High,Put,Win
Account A,FSLR,P,2027-01-15,140.0,2026-03-09,2026-03-25,16,14.7,12.25,1469.34,1225.66,1.32,243.67999999999984,242.35999999999984,1,1,2026-03,EARLY_BULL,Medium,Put,Win
Account A,GEV,P,2026-12-18,580.0,2026-01-12,2026-02-03,22,80.83,49.03,8082.34,4903.66,1.32,3178.6800000000003,3177.36,1,1,2026-01,EARLY_BULL,High,Put,Win
Account A,GEV,P,2027-01-15,680.0,2026-03-17,2026-03-25,8,78.5,60.18,7849.34,6018.66,1.32,1830.6800000000003,1829.3600000000004,1,1,2026-03,EARLY_BULL,High,Put,Win
Account A,GEV,P,2026-07-17,850.0,2026-05-20,2026-05-26,6,19.27,11.19,1926.3,1119.66,1.3599999999999999,806.6399999999999,805.2799999999999,1,1,2026-05,CAUTIOUS_BULL,High,Put,Win
Account A,IBIT,P,2026-08-21,30.0,2026-02-10,2026-03-04,22,2.34,1.6,466.67,321.32,2.6500000000000004,145.35000000000002,142.70000000000002,2,2,2026-02,EARLY_BULL,High,Put,Breakeven
Account A,IBIT,P,2026-10-16,35.0,2026-02-04,2026-04-14,69,3.5,2.34,349.34,234.66,1.32,114.67999999999998,113.35999999999999,1,1,2026-02,EARLY_BULL,High,Put,Breakeven
Account A,IBIT,P,2027-03-19,36.0,2026-04-14,2026-05-04,20,4.47,3.43,892.65,687.32,2.67,205.32999999999993,202.65999999999994,2,2,2026-04,CAUTIOUS_BULL,High,Put,Win
Account A,IBIT,P,2027-01-15,38.0,2026-04-21,2026-05-05,14,4.2,3.24,419.33,324.66,1.33,94.66999999999996,93.33999999999996,1,1,2026-04,CAUTIOUS_BULL,High,Put,Breakeven
Account A,IBIT,P,2026-08-21,50.0,2026-01-05,2026-05-07,122,5.79,6.45,578.34,645.66,1.32,-67.31999999999994,-68.63999999999993,1,1,2026-01,EARLY_BULL,High,Put,Breakeven
Account A,IBIT,C,2026-10-16,52.0,2026-04-27,2026-05-07,10,2.84,3.15,283.33,315.66,1.33,-32.33000000000004,-33.66000000000004,1,1,2026-04,CAUTIOUS_BULL,High,Call,Breakeven
Account A,IBM,C,2027-01-15,280.0,2026-04-07,2026-05-05,28,17.35,11.04,1734.3,1104.66,1.3599999999999999,629.6399999999999,628.2799999999999,1,1,2026-04,CAUTIOUS_BULL,Medium,Call,Win
Account A,IBM,C,2027-03-19,300.0,2026-05-06,2026-06-01,26,9.0,65.9,899.32,6590.66,1.34,-5691.34,-5692.68,1,1,2026-05,CAUTIOUS_BULL,Medium,Call,Loss
Account A,ISRG,C,2026-10-16,520.0,2026-04-01,2026-05-05,34,28.0,19.1,2799.34,1910.66,1.32,888.6800000000001,887.36,1,1,2026-04,CAUTIOUS_BULL,Medium,Call,Win
Account A,ISRG,C,2026-12-18,520.0,2026-05-06,2026-06-02,27,23.3,15.68,2329.29,1568.66,1.37,760.6299999999999,759.2599999999999,1,1,2026-05,CAUTIOUS_BULL,Medium,Call,Win
Account A,LASR,P,2026-09-18,60.0,2026-05-06,2026-05-08,2,10.53,9.0,1052.32,900.66,1.34,151.65999999999997,150.31999999999996,1,1,2026-05,CAUTIOUS_BULL,Medium,Put,Breakeven
Account A,LASR,P,2026-12-18,60.0,2026-05-04,2026-05-11,7,13.83,11.12,1382.31,1112.66,1.35,269.64999999999986,268.29999999999984,1,1,2026-05,CAUTIOUS_BULL,Medium,Put,Win
Account A,LLY,P,2027-03-19,780.0,2026-04-28,2026-05-07,9,73.48,42.59,7347.19,4259.66,1.4700000000000002,3087.5299999999997,3086.06,1,1,2026-04,CAUTIOUS_BULL,High,Put,Win
Account A,LLY,P,2027-01-15,820.0,2026-03-06,2026-05-06,61,64.03,44.08,6402.34,4408.66,1.32,1993.6800000000003,1992.3600000000004,1,1,2026-03,EARLY_BULL,High,Put,Win
Account A,LLY,P,2026-10-16,840.0,2026-02-26,2026-05-07,70,42.63,35.15,4262.34,3515.66,1.32,746.6800000000003,745.3600000000002,1,1,2026-02,EARLY_BULL,High,Put,Win
Account A,LLY,P,2027-03-19,850.0,2026-03-18,2026-04-02,15,94.9,85.41,9489.34,8541.66,1.32,947.6800000000003,946.3600000000002,1,1,2026-03,EARLY_BULL,High,Put,Win
Account A,LLY,P,2027-06-17,850.0,2026-05-28,2026-06-05,8,50.8,48.11,5079.24,4811.66,1.42,267.5799999999999,266.1599999999999,1,1,2026-05,CAUTIOUS_BULL,High,Put,Win
Account A,LLY,P,2027-06-17,870.0,2026-05-07,2026-05-20,13,83.38,74.41,8337.17,7441.66,1.49,895.5100000000002,894.0200000000002,1,1,2026-05,CAUTIOUS_BULL,High,Put,Win
Account A,LLY,C,2027-01-15,1070.0,2026-03-20,2026-05-07,48,84.06,92.6,8405.34,9260.66,1.32,-855.3199999999997,-856.6399999999998,1,1,2026-03,EARLY_BULL,High,Call,Loss
Account A,LLY,C,2026-09-18,1100.0,2026-04-08,2026-04-21,13,51.29,27.65,5128.23,2765.66,1.4300000000000002,2362.5699999999997,2361.14,1,1,2026-04,CAUTIOUS_BULL,High,Call,Win
Account A,LMT,P,2027-01-15,440.0,2026-04-30,2026-05-27,27,20.67,14.67,2066.3,1467.66,1.3599999999999999,598.6400000000001,597.2800000000001,1,1,2026-04,CAUTIOUS_BULL,Low,Put,Win
Account A,LYFT,C,2026-12-18,18.0,2026-02-11,2026-04-13,61,2.25,1.41,897.35,566.65,5.3,330.70000000000005,325.40000000000003,4,4,2026-02,EARLY_BULL,Low,Call,Win
Account A,META,P,2027-03-19,520.0,2026-04-10,2026-04-27,17,40.16,28.25,4015.26,2825.66,1.4,1189.6000000000004,1188.2000000000003,1,1,2026-04,CAUTIOUS_BULL,Medium,Put,Win
Account A,META,P,2026-12-18,550.0,2026-04-13,2026-04-27,14,39.2,27.35,3919.26,2735.66,1.4,1183.6000000000004,1182.2000000000003,1,1,2026-04,CAUTIOUS_BULL,Medium,Put,Win
Account A,MP,P,2026-09-18,55.0,2026-01-26,2026-05-07,101,5.3,3.99,1058.67,799.32,2.6500000000000004,259.35,256.70000000000005,2,2,2026-01,EARLY_BULL,Medium,Put,Win
Account A,MP,P,2027-03-19,55.0,2026-04-21,2026-06-02,42,8.94,8.15,893.32,815.66,1.34,77.66000000000008,76.32000000000008,1,1,2026-04,CAUTIOUS_BULL,Medium,Put,Breakeven
Account A,MSFT,C,2026-07-17,415.0,2026-04-10,2026-04-29,19,9.15,32.9,914.32,3290.66,1.34,-2376.3399999999997,-2377.68,1,1,2026-04,CAUTIOUS_BULL,Medium,Call,Loss
Account A,MU,P,2027-01-15,260.0,2026-01-12,2026-02-03,22,41.36,31.64,4135.34,3164.66,1.32,970.6800000000003,969.3600000000002,1,1,2026-01,EARLY_BULL,High,Put,Win
Account A,MU,P,2027-03-19,370.0,2026-04-14,2026-05-04,20,68.7,45.48,6869.2,4548.66,1.46,2320.54,2319.08,1,1,2026-04,CAUTIOUS_BULL,High,Put,Win
Account A,MU,P,2026-08-21,400.0,2026-04-15,2026-04-23,8,48.28,39.1,4827.24,3910.66,1.42,916.5799999999999,915.16,1,1,2026-04,CAUTIOUS_BULL,High,Put,Win
Account A,NEE,P,2027-02-19,80.0,2026-03-09,2026-04-02,24,4.5,4.28,449.34,428.66,1.32,20.67999999999995,19.35999999999995,1,1,2026-03,EARLY_BULL,Low,Put,Breakeven
Account A,NFLX,P,2026-07-17,75.0,2026-01-08,2026-02-27,50,3.4,2.5,339.34,250.66,1.32,88.67999999999998,87.35999999999999,1,1,2026-01,EARLY_BULL,High,Put,Breakeven
Account A,NFLX,P,2027-01-15,80.0,2026-03-04,2026-04-14,41,5.18,3.45,517.34,345.66,1.32,171.68,170.36,1,1,2026-03,EARLY_BULL,High,Put,Breakeven
Account A,NFLX,P,2026-07-17,85.0,2026-04-28,2026-04-30,2,3.014,2.25,1503.64,1128.31,6.67,375.33000000000015,368.66000000000014,5,5,2026-04,CAUTIOUS_BULL,High,Put,Win
Account A,NFLX,P,2026-12-18,85.0,2026-03-05,2026-04-15,41,6.49,3.55,1296.67,711.32,2.6500000000000004,585.35,582.7,2,2,2026-03,EARLY_BULL,High,Put,Win
Account A,NFLX,C,2026-07-17,110.0,2026-02-20,2026-05-04,73,0.88,1.015,174.67,204.32,2.6500000000000004,-29.650000000000006,-32.300000000000004,2,2,2026-02,EARLY_BULL,High,Call,Breakeven
Account A,NFLX,C,2026-12-18,110.0,2026-03-25,2026-04-28,34,6.03,4.75,1204.67,951.32,2.6500000000000004,253.35000000000002,250.70000000000002,2,2,2026-03,EARLY_BULL,High,Call,Win
Account A,NFLX,C,2027-03-19,120.0,2026-04-28,2026-06-02,35,4.29,3.25,1284.97,651.32,3.3499999999999996,633.65,630.3,3,2,2026-04,CAUTIOUS_BULL,High,Call,Win
Account A,NFLX,C,2026-11-20,130.0,2026-03-06,2026-03-24,18,4.23,2.0,844.67,200.66,1.9900000000000002,644.01,642.02,2,1,2026-03,EARLY_BULL,High,Call,Win
Account A,NFLX,C,2027-03-19,130.0,2026-04-13,2026-04-24,11,6.74,3.37,2693.28,1350.65,5.37,1342.63,1337.2600000000002,4,4,2026-04,CAUTIOUS_BULL,High,Call,Win
Account A,NKE,C,2026-06-18,45.0,2026-05-11,2026-06-03,23,1.13,0.73,112.34,73.66,1.32,38.68000000000001,37.36000000000001,1,1,2026-05,CAUTIOUS_BULL,High,Call,Breakeven
Account A,NKE,C,2026-09-18,50.0,2026-04-01,2026-04-02,1,3.25,2.33,648.67,467.32,2.6500000000000004,181.34999999999997,178.69999999999996,2,2,2026-04,CAUTIOUS_BULL,High,Call,Breakeven
Account A,NKE,C,2027-01-15,60.0,2026-03-25,2026-04-01,7,5.54,2.46,553.34,246.66,1.32,306.68000000000006,305.36000000000007,1,1,2026-03,EARLY_BULL,High,Call,Win
Account A,NKE,C,2026-10-16,62.5,2026-03-10,2026-03-26,16,4.5,3.0,449.34,300.66,1.32,148.67999999999995,147.35999999999996,1,1,2026-03,EARLY_BULL,High,Call,Breakeven
Account A,NOC,P,2026-08-21,550.0,2026-01-07,2026-01-30,23,19.87,12.0,1986.34,1200.66,1.32,785.6799999999998,784.3599999999998,1,1,2026-01,EARLY_BULL,Low,Put,Win
Account A,NVDA,P,2027-03-19,165.0,2026-04-15,2026-05-11,26,14.61,11.4,1460.31,1140.66,1.35,319.64999999999986,318.29999999999984,1,1,2026-04,CAUTIOUS_BULL,High,Put,Win
Account A,NVDA,P,2026-12-18,175.0,2026-04-22,2026-05-11,19,13.85,10.3,1384.31,1030.66,1.35,353.64999999999986,352.29999999999984,1,1,2026-04,CAUTIOUS_BULL,High,Put,Win
Account A,NVO,C,2026-09-18,55.0,2026-03-10,2026-03-23,13,1.34,0.8,133.34,80.66,1.32,52.68000000000001,51.36000000000001,1,1,2026-03,EARLY_BULL,Medium,Call,Breakeven
Account A,OKTA,C,2026-05-15,80.0,2026-03-03,2026-04-09,37,3.83,1.62,764.67,325.32,2.6500000000000004,439.34999999999997,436.7,2,2,2026-03,EARLY_BULL,High,Call,Win
Account A,OKTA,C,2026-09-18,80.0,2026-04-09,2026-06-01,53,7.38,62.51,737.32,6251.66,1.34,-5514.34,-5515.68,1,1,2026-04,CAUTIOUS_BULL,High,Call,Loss
Account A,OKTA,C,2026-12-18,82.5,2026-04-09,2026-06-01,53,9.23,63.11,1844.63,12623.32,2.6900000000000004,-10778.689999999999,-10781.38,2,2,2026-04,CAUTIOUS_BULL,High,Call,Loss
Account A,OKTA,C,2026-08-21,87.5,2026-02-23,2026-04-13,49,5.92,2.78,1182.67,557.32,2.6500000000000004,625.35,622.7,2,2,2026-02,EARLY_BULL,High,Call,Win
Account A,OKTA,P,2027-01-15,90.0,2026-03-25,2026-05-21,57,20.39,15.8,4076.67,1580.66,1.9900000000000002,2496.01,2494.0200000000004,2,1,2026-03,EARLY_BULL,High,Put,Win
Account A,OKTA,C,2026-05-15,92.5,2026-01-02,2026-02-23,52,5.7,2.0,1138.67,401.32,2.6500000000000004,737.3500000000001,734.7000000000002,2,2,2026-01,EARLY_BULL,High,Call,Win
Account A,OKTA,P,2026-08-21,100.0,2026-05-29,2026-06-01,3,4.55,2.53,454.33,253.66,1.33,200.67,199.33999999999997,1,1,2026-05,CAUTIOUS_BULL,High,Put,Breakeven
Account A,PYPL,C,2026-05-15,45.0,2026-02-05,2026-05-05,89,1.83,1.82,547.01,547.99,3.98,-0.9800000000000182,-4.960000000000019,3,3,2026-02,EARLY_BULL,High,Call,Breakeven
Account A,PYPL,C,2026-07-17,47.5,2026-06-01,2026-06-03,2,1.37,0.65,272.66,131.32,2.66,141.34000000000003,138.68000000000004,2,2,2026-06,LATE_BULL,High,Call,Breakeven
Account A,PYPL,C,2026-09-18,47.5,2026-02-05,2026-06-05,120,2.78,1.7,554.67,341.32,2.6500000000000004,213.34999999999997,210.69999999999996,2,2,2026-02,EARLY_BULL,High,Call,Win
Account A,PYPL,C,2027-01-15,50.0,2026-05-14,2026-06-04,21,4.25,3.3,1272.97,661.32,3.3499999999999996,611.65,608.3,3,2,2026-05,CAUTIOUS_BULL,High,Call,Win
Account A,PYPL,C,2027-03-19,50.0,2026-05-05,2026-06-08,34,5.75,3.5,1148.65,701.32,2.67,447.33000000000004,444.66,2,2,2026-05,CAUTIOUS_BULL,High,Call,Win
Account A,PYPL,C,2027-01-15,60.0,2026-03-03,2026-05-12,70,2.7,1.75,1346.67,351.32,4.65,995.3500000000001,990.7000000000002,5,2,2026-03,EARLY_BULL,High,Call,Win
Account A,PYPL,C,2026-05-15,62.5,2026-01-02,2026-01-30,28,4.35,1.79,868.67,359.32,2.6500000000000004,509.34999999999997,506.7,2,2,2026-01,EARLY_BULL,High,Call,Win
Account A,PYPL,C,2026-07-17,65.0,2026-01-14,2026-02-03,20,3.4,0.5,678.67,151.98,3.31,526.6899999999999,523.38,2,3,2026-01,EARLY_BULL,High,Call,Win
Account A,PYPL,C,2026-07-17,65.0,2026-01-20,2026-02-03,14,3.05,0.5,608.67,151.98,3.31,456.68999999999994,453.37999999999994,2,3,2026-01,EARLY_BULL,High,Call,Win
Account A,PYPL,C,2026-11-20,65.0,2026-01-30,2026-02-05,6,3.96,1.1,790.67,221.32,2.6500000000000004,569.3499999999999,566.6999999999999,2,2,2026-01,EARLY_BULL,High,Call,Win
Account A,PYPL,C,2026-09-18,67.5,2026-01-20,2026-02-17,28,3.61,0.7,1081.01,141.32,3.31,939.69,936.3800000000001,3,2,2026-01,EARLY_BULL,High,Call,Win
Account A,PYPL,C,2026-12-18,70.0,2026-01-20,2026-02-03,14,4.36,1.1,1306.01,221.32,3.31,1084.69,1081.38,3,2,2026-01,EARLY_BULL,High,Call,Win
Account A,QQQ,P,2026-09-30,525.0,2026-01-05,2026-02-03,29,14.57,14.55,1456.34,1455.66,1.32,0.6799999999998363,-0.6400000000001638,1,1,2026-01,EARLY_BULL,Medium,Put,Breakeven
Account A,QQQ,P,2026-12-18,550.0,2026-02-27,2026-04-14,46,27.67,19.09,2766.34,1909.66,1.32,856.6800000000001,855.36,1,1,2026-02,EARLY_BULL,Medium,Put,Win
Account A,RBLX,C,2026-06-26,47.0,2026-05-14,2026-06-03,20,1.91,1.51,190.34,151.66,1.32,38.68000000000001,37.36000000000001,1,1,2026-05,CAUTIOUS_BULL,Medium,Call,Breakeven
Account A,RBLX,C,2026-12-18,75.0,2026-04-13,2026-05-01,18,8.13,3.45,812.32,345.66,1.34,466.66,465.32000000000005,1,1,2026-04,CAUTIOUS_BULL,Medium,Call,Win
Account A,RBLX,C,2026-12-18,90.0,2026-05-04,2026-05-08,4,2.21,1.69,440.66,169.66,2.0,271.0,269.0,2,1,2026-05,CAUTIOUS_BULL,Medium,Call,Win
Account A,RTX,P,2027-03-19,140.0,2026-05-11,2026-06-01,21,5.84,5.28,583.33,528.66,1.33,54.67000000000007,53.340000000000074,1,1,2026-05,CAUTIOUS_BULL,High,Put,Breakeven
Account A,RTX,P,2027-03-19,155.0,2026-05-05,2026-05-29,24,10.75,8.0,1074.32,800.66,1.34,273.65999999999997,272.32,1,1,2026-05,CAUTIOUS_BULL,High,Put,Win
Account A,RTX,P,2026-08-21,160.0,2026-03-04,2026-04-14,41,3.89,2.64,388.34,264.66,1.32,123.67999999999995,122.35999999999996,1,1,2026-03,EARLY_BULL,High,Put,Breakeven
Account A,RTX,P,2026-08-21,165.0,2026-05-07,2026-05-11,4,6.92,5.88,691.33,588.66,1.33,102.67000000000007,101.34000000000007,1,1,2026-05,CAUTIOUS_BULL,High,Put,Breakeven
Account A,RTX,P,2027-01-15,165.0,2026-02-26,2026-04-02,35,9.84,10.15,983.34,1015.66,1.32,-32.319999999999936,-33.63999999999994,1,1,2026-02,EARLY_BULL,High,Put,Breakeven
Account A,SHOP,P,2026-11-20,90.0,2026-02-11,2026-02-24,13,11.22,9.83,1121.34,983.66,1.32,137.67999999999995,136.35999999999996,1,1,2026-02,EARLY_BULL,Medium,Put,Breakeven
Account A,TAN,P,2027-01-15,50.0,2026-02-25,2026-04-20,54,3.58,3.59,357.34,359.66,1.32,-2.32000000000005,-3.6400000000000503,1,1,2026-02,EARLY_BULL,Low,Put,Breakeven
Account A,TSLA,P,2026-11-20,310.0,2026-04-22,2026-05-07,15,19.45,14.25,1944.3,1425.66,1.3599999999999999,518.6399999999999,517.2799999999999,1,1,2026-04,CAUTIOUS_BULL,Medium,Put,Win
Account A,TSM,P,2026-08-21,260.0,2026-01-26,2026-02-03,8,10.7,8.9,1069.34,890.66,1.32,178.67999999999995,177.35999999999996,1,1,2026-01,EARLY_BULL,High,Put,Breakeven
Account A,TSM,P,2027-06-17,290.0,2026-04-22,2026-05-11,19,27.3,23.38,2729.28,2338.66,1.38,390.62000000000035,389.24000000000035,1,1,2026-04,CAUTIOUS_BULL,High,Put,Win
Account A,UBER,P,2027-01-15,67.5,2026-03-05,2026-05-06,62,6.49,4.25,648.34,425.66,1.32,222.68,221.36,1,1,2026-03,EARLY_BULL,Medium,Put,Win
Account A,ULTA,P,2026-09-18,520.0,2026-01-06,2026-02-03,28,23.43,18.38,2342.34,1838.66,1.32,503.68000000000006,502.36000000000007,1,1,2026-01,EARLY_BULL,Low,Put,Win
Account A,UNH,P,2026-11-20,270.0,2026-04-14,2026-04-21,7,15.4,8.29,1539.31,829.66,1.35,709.65,708.3,1,1,2026-04,CAUTIOUS_BULL,High,Put,Win
Account A,UNH,P,2026-12-18,290.0,2026-01-06,2026-04-22,106,20.0,12.99,1999.34,1299.66,1.32,699.6799999999998,698.3599999999998,1,1,2026-01,EARLY_BULL,High,Put,Win
Account A,UNH,P,2026-09-18,300.0,2026-05-08,2026-05-13,5,4.6,4.0,459.33,400.66,1.33,58.66999999999996,57.33999999999996,1,1,2026-05,CAUTIOUS_BULL,High,Put,Breakeven
Account A,UNH,P,2027-03-19,300.0,2026-04-21,2026-04-29,8,21.11,16.14,2110.3,1614.66,1.3599999999999999,495.6400000000001,494.2800000000001,1,1,2026-04,CAUTIOUS_BULL,High,Put,Win
Account A,UNH,P,2026-12-18,320.0,2026-04-22,2026-04-29,7,22.27,17.02,2226.29,1702.66,1.37,523.6299999999999,522.2599999999999,1,1,2026-04,CAUTIOUS_BULL,High,Put,Win
Account A,UNH,P,2027-03-19,320.0,2026-05-04,2026-05-13,9,21.31,16.39,2130.3,1639.66,1.3599999999999999,490.6400000000001,489.2800000000001,1,1,2026-05,CAUTIOUS_BULL,High,Put,Win
Account A,UNH,C,2026-12-18,330.0,2026-01-27,2026-04-28,91,23.5,62.2,2349.34,6220.66,1.32,-3871.3199999999997,-3872.64,1,1,2026-01,EARLY_BULL,High,Call,Loss
Account A,UNH,C,2027-03-19,340.0,2026-04-07,2026-04-28,21,30.71,62.95,3070.28,6295.66,1.38,-3225.3799999999997,-3226.7599999999998,1,1,2026-04,CAUTIOUS_BULL,High,Call,Loss
Account A,UNH,P,2026-11-20,350.0,2026-05-14,2026-06-08,25,18.02,16.0,1801.3,1600.66,1.3599999999999999,200.63999999999987,199.27999999999986,1,1,2026-05,CAUTIOUS_BULL,High,Put,Breakeven
Account A,UNH,C,2026-12-18,420.0,2026-04-28,2026-04-29,1,18.6,18.59,1859.3,1859.66,1.3599999999999999,-0.36000000000012733,-1.7200000000001272,1,1,2026-04,CAUTIOUS_BULL,High,Call,Breakeven
Account A,VST,P,2026-12-18,105.0,2026-03-18,2026-05-27,70,5.29,4.16,528.34,416.66,1.32,111.68,110.36000000000001,1,1,2026-03,EARLY_BULL,High,Put,Breakeven
Account A,VST,P,2026-09-18,150.0,2026-01-09,2026-04-14,95,16.01,15.24,1600.34,1524.66,1.32,75.67999999999984,74.35999999999984,1,1,2026-01,EARLY_BULL,High,Put,Breakeven
Account A,VST,C,2026-09-18,210.0,2026-04-09,2026-04-21,12,8.15,6.17,814.32,617.66,1.34,196.66000000000008,195.32000000000008,1,1,2026-04,CAUTIOUS_BULL,High,Call,Breakeven
Account A,VST,C,2026-12-18,210.0,2026-05-08,2026-05-15,7,8.3,6.0,829.32,600.66,1.34,228.66000000000008,227.32000000000008,1,1,2026-05,CAUTIOUS_BULL,High,Call,Win
Account A,VST,C,2026-12-18,230.0,2026-03-18,2026-03-26,8,13.9,7.25,1389.34,725.66,1.32,663.68,662.3599999999999,1,1,2026-03,EARLY_BULL,High,Call,Win
Account A,VST,C,2027-03-19,230.0,2026-04-22,2026-05-11,19,12.3,9.45,1229.31,945.66,1.35,283.65,282.29999999999995,1,1,2026-04,CAUTIOUS_BULL,High,Call,Win
Account A,XLE,P,2026-11-20,55.0,2026-05-14,2026-05-22,8,3.08,2.53,614.66,507.32,2.66,107.33999999999997,104.67999999999998,2,2,2026-05,CAUTIOUS_BULL,Medium,Put,Breakeven
Account A,XLE,C,2027-01-15,60.0,2026-03-13,2026-04-17,35,4.59,2.19,458.34,219.66,1.32,238.67999999999998,237.35999999999999,1,1,2026-03,EARLY_BULL,Medium,Call,Win
Account A,XLE,C,2026-12-31,65.0,2026-03-09,2026-04-17,39,2.68,1.09,267.34,109.66,1.32,157.67999999999998,156.35999999999999,1,1,2026-03,EARLY_BULL,Medium,Call,Breakeven
Account A,XOM,P,2026-12-18,125.0,2026-05-04,2026-05-15,11,4.4,3.5,439.33,350.66,1.33,88.66999999999996,87.33999999999996,1,1,2026-05,CAUTIOUS_BULL,Medium,Put,Breakeven
Account A,XYZ,P,2027-01-15,55.0,2026-03-10,2026-04-21,42,6.7,4.48,669.34,448.66,1.32,220.68,219.36,1,1,2026-03,EARLY_BULL,Medium,Put,Win
Account A,XYZ,P,2026-12-18,62.5,2026-04-21,2026-05-11,20,6.64,5.81,663.33,581.66,1.33,81.67000000000007,80.34000000000007,1,1,2026-04,CAUTIOUS_BULL,Medium,Put,Breakeven
Account A,XYZ,C,2026-09-18,72.5,2026-03-06,2026-03-26,20,8.0,5.75,1598.67,1151.32,2.6500000000000004,447.35000000000014,444.70000000000016,2,2,2026-03,EARLY_BULL,Medium,Call,Win
Account A,ZBH,C,2026-09-18,95.0,2026-01-30,2026-04-28,88,5.24,2.1,523.34,210.66,1.32,312.68000000000006,311.36000000000007,1,1,2026-01,EARLY_BULL,Low,Call,Win
Account A,ZS,P,2026-06-18,110.0,2026-03-10,2026-04-08,29,3.93,4.45,392.34,445.66,1.32,-53.32000000000005,-54.64000000000005,1,1,2026-03,EARLY_BULL,High,Put,Breakeven
Account A,ZS,C,2026-12-18,180.0,2026-03-24,2026-04-13,20,18.87,10.64,1886.34,1064.66,1.32,821.6799999999998,820.3599999999998,1,1,2026-03,EARLY_BULL,High,Call,Win
Account A,ZS,C,2026-08-21,200.0,2026-03-10,2026-03-24,14,11.3,6.25,1129.34,625.66,1.32,503.67999999999995,502.35999999999996,1,1,2026-03,EARLY_BULL,High,Call,Win
Account B,ACHR,P,2027-01-15,5.0,2026-03-20,2026-04-14,25,1.09,1.04,108.34,104.66,1.32,3.680000000000007,2.3600000000000065,1,1,2026-03,EARLY_BULL,High,Put,Breakeven
Account B,ACHR,P,2028-01-21,5.0,2026-05-08,2026-05-18,10,1.54,1.6,153.34,160.66,1.32,-7.319999999999993,-8.639999999999993,1,1,2026-05,CAUTIOUS_BULL,High,Put,Breakeven
Account B,ALAB,P,2027-01-15,90.0,2026-03-13,2026-04-13,31,16.0,12.7,1599.34,1270.66,1.32,328.67999999999984,327.35999999999984,1,1,2026-03,EARLY_BULL,High,Put,Win
Account B,ALAB,P,2027-01-15,125.0,2026-04-13,2026-04-24,11,24.08,17.48,2407.29,1748.66,1.37,658.6299999999999,657.2599999999999,1,1,2026-04,CAUTIOUS_BULL,High,Put,Win
Account B,ALAB,P,2027-04-16,145.0,2026-05-13,2026-05-22,9,27.4,18.3,2739.28,1830.66,1.38,908.6200000000001,907.2400000000001,1,1,2026-05,CAUTIOUS_BULL,High,Put,Win
Account B,APLD,P,2027-01-15,20.0,2026-03-09,2026-04-13,35,5.8,4.67,579.34,467.66,1.32,111.68,110.36000000000001,1,1,2026-03,EARLY_BULL,Medium,Put,Breakeven
Account B,ASTS,P,2027-01-15,75.0,2026-01-22,2026-05-22,120,17.85,16.75,1784.34,1675.66,1.32,108.67999999999984,107.35999999999984,1,1,2026-01,EARLY_BULL,Medium,Put,Breakeven
Account B,BE,P,2027-06-17,165.0,2026-04-14,2026-05-01,17,52.78,41.03,5277.23,4103.66,1.4300000000000002,1173.5699999999997,1172.1399999999996,1,1,2026-04,CAUTIOUS_BULL,Medium,Put,Win
Account B,CCL,P,2027-03-19,23.0,2026-04-24,2026-05-29,35,3.15,2.46,314.33,246.66,1.33,67.66999999999999,66.33999999999999,1,1,2026-04,CAUTIOUS_BULL,Medium,Put,Breakeven
Account B,CCL,P,2027-01-15,25.0,2026-01-22,2026-02-03,12,2.82,2.2,281.34,220.66,1.32,60.67999999999998,59.35999999999998,1,1,2026-01,EARLY_BULL,Medium,Put,Breakeven
Account B,COIN,P,2027-05-21,145.0,2026-04-24,2026-05-22,28,26.39,26.05,2638.29,2605.66,1.37,32.63000000000011,31.260000000000108,1,1,2026-04,CAUTIOUS_BULL,High,Put,Breakeven
Account B,CRM,C,2027-03-19,230.0,2026-05-07,2026-05-13,6,18.18,12.4,1817.3,1240.66,1.3599999999999999,576.6399999999999,575.2799999999999,1,1,2026-05,CAUTIOUS_BULL,High,Call,Win
Account B,CRWD,P,2026-11-20,290.0,2026-02-27,2026-03-09,10,27.2,15.94,2719.34,1594.66,1.32,1124.68,1123.3600000000001,1,1,2026-02,EARLY_BULL,High,Put,Win
Account B,DVN,P,2027-01-15,35.0,2026-01-21,2026-02-03,13,3.67,2.8,366.34,280.66,1.32,85.67999999999995,84.35999999999996,1,1,2026-01,EARLY_BULL,Low,Put,Breakeven
Account B,EWY,P,2027-01-15,110.0,2026-02-03,2026-04-14,70,10.58,8.65,1057.34,865.66,1.32,191.67999999999995,190.35999999999996,1,1,2026-02,EARLY_BULL,High,Put,Breakeven
Account B,EWZ,P,2026-12-18,34.0,2026-02-27,2026-04-13,45,2.53,2.14,252.34,214.66,1.32,37.68000000000001,36.36000000000001,1,1,2026-02,EARLY_BULL,Medium,Put,Breakeven
Account B,FSLR,P,2026-12-18,175.0,2026-01-22,2026-05-26,124,15.11,8.7,1510.34,870.66,1.32,639.68,638.3599999999999,1,1,2026-01,EARLY_BULL,Medium,Put,Win
Account B,GEV,P,2027-01-15,560.0,2026-01-22,2026-02-27,36,68.03,37.12,6802.34,3712.66,1.32,3089.6800000000003,3088.36,1,1,2026-01,EARLY_BULL,High,Put,Win
Account B,HOOD,P,2027-03-19,60.0,2026-03-20,2026-04-20,31,11.31,7.03,1130.34,703.66,1.32,426.67999999999995,425.35999999999996,1,1,2026-03,EARLY_BULL,Medium,Put,Win
Account B,HUT,P,2027-06-17,47.0,2026-04-13,2026-04-24,11,12.32,10.26,1231.31,1026.66,1.35,204.64999999999986,203.29999999999987,1,1,2026-04,CAUTIOUS_BULL,Medium,Put,Win
Account B,HUT,P,2027-06-17,50.0,2026-04-14,2026-05-06,22,12.86,8.45,1285.31,845.66,1.35,439.65,438.29999999999995,1,1,2026-04,CAUTIOUS_BULL,Medium,Put,Win
Account B,IBIT,P,2027-01-15,35.0,2026-02-04,2026-04-13,68,4.54,3.93,453.34,393.66,1.32,59.67999999999995,58.35999999999995,1,1,2026-02,EARLY_BULL,High,Put,Breakeven
Account B,IONQ,P,2027-01-15,22.5,2026-04-13,2026-04-14,1,4.56,3.73,455.33,373.66,1.33,81.66999999999996,80.33999999999996,1,1,2026-04,CAUTIOUS_BULL,High,Put,Breakeven
Account B,IONQ,P,2027-01-15,25.0,2026-03-20,2026-04-14,25,5.43,4.83,542.34,483.66,1.32,58.68000000000001,57.36000000000001,1,1,2026-03,EARLY_BULL,High,Put,Breakeven
Account B,IONQ,P,2027-03-19,30.0,2026-05-05,2026-05-12,7,5.83,4.77,582.33,477.66,1.33,104.67000000000002,103.34000000000002,1,1,2026-05,CAUTIOUS_BULL,High,Put,Breakeven
Account B,IONQ,P,2028-01-21,35.0,2026-05-06,2026-05-12,6,11.5,10.85,1149.32,1085.66,1.34,63.659999999999854,62.31999999999985,1,1,2026-05,CAUTIOUS_BULL,High,Put,Breakeven
Account B,JOBY,P,2027-03-19,8.0,2026-05-12,2026-05-18,6,1.58,1.57,157.34,157.66,1.32,-0.3199999999999932,-1.6399999999999932,1,1,2026-05,CAUTIOUS_BULL,Medium,Put,Breakeven
Account B,MP,P,2027-03-19,50.0,2026-05-18,2026-05-26,8,8.63,7.8,862.32,780.66,1.34,81.66000000000008,80.32000000000008,1,1,2026-05,CAUTIOUS_BULL,Medium,Put,Breakeven
Account B,MRK,P,2027-01-15,100.0,2026-03-06,2026-04-14,39,7.0,5.6,699.34,560.66,1.32,138.68000000000006,137.36000000000007,1,1,2026-03,EARLY_BULL,Low,Put,Breakeven
Account B,MU,P,2027-09-17,520.0,2026-05-05,2026-05-26,21,126.4,100.0,12639.08,10000.66,1.58,2638.42,2636.84,1,1,2026-05,CAUTIOUS_BULL,High,Put,Win
Account B,NBIS,P,2026-09-18,85.0,2026-01-07,2026-02-27,51,19.87,19.0,1986.34,1900.66,1.32,85.67999999999984,84.35999999999984,1,1,2026-01,EARLY_BULL,Medium,Put,Breakeven
Account B,NU,P,2027-01-15,15.0,2026-01-16,2026-01-21,5,1.7,1.73,169.34,173.66,1.32,-4.319999999999993,-5.6399999999999935,1,1,2026-01,EARLY_BULL,Medium,Put,Breakeven
Account B,NVDA,P,2027-06-17,175.0,2026-04-17,2026-05-13,26,20.72,15.82,2071.3,1582.66,1.3599999999999999,488.6400000000001,487.2800000000001,1,1,2026-04,CAUTIOUS_BULL,High,Put,Win
Account B,NVO,P,2027-03-19,35.0,2026-05-01,2026-05-05,4,2.99,2.84,298.33,284.66,1.33,13.669999999999959,12.339999999999959,1,1,2026-05,CAUTIOUS_BULL,Medium,Put,Breakeven
Account B,QBTS,P,2027-01-15,12.0,2026-03-13,2026-04-15,33,2.3,1.81,229.34,181.66,1.32,47.68000000000001,46.36000000000001,1,1,2026-03,EARLY_BULL,Medium,Put,Breakeven
Account B,QUBT,P,2027-01-15,8.0,2026-01-02,2026-01-07,5,2.08,1.9,207.34,190.66,1.32,16.680000000000007,15.360000000000007,1,1,2026-01,EARLY_BULL,Medium,Put,Breakeven
Account B,QUBT,P,2027-01-15,8.0,2026-01-22,2026-04-15,83,1.83,1.87,182.34,187.66,1.32,-5.319999999999993,-6.6399999999999935,1,1,2026-01,EARLY_BULL,Medium,Put,Breakeven
Account B,RBRK,P,2027-01-15,52.5,2026-05-12,2026-05-29,17,7.6,5.92,759.32,592.66,1.34,166.66000000000008,165.32000000000008,1,1,2026-05,CAUTIOUS_BULL,Low,Put,Breakeven
Account B,RGTI,P,2026-11-20,15.0,2026-01-07,2026-01-21,14,2.8,2.6,279.34,260.66,1.32,18.67999999999995,17.35999999999995,1,1,2026-01,EARLY_BULL,Medium,Put,Breakeven
Account B,RIOT,P,2028-01-21,13.0,2026-04-24,2026-05-11,17,3.55,2.9,354.33,290.66,1.33,63.66999999999996,62.33999999999996,1,1,2026-04,CAUTIOUS_BULL,High,Put,Breakeven
Account B,RIOT,P,2028-01-21,15.0,2026-05-01,2026-05-07,6,4.72,3.94,471.33,394.66,1.33,76.66999999999996,75.33999999999996,1,1,2026-05,CAUTIOUS_BULL,High,Put,Breakeven
Account B,RKLB,P,2026-12-18,65.0,2026-01-21,2026-04-17,86,13.89,10.75,1388.34,1075.66,1.32,312.67999999999984,311.35999999999984,1,1,2026-01,EARLY_BULL,High,Put,Win
Account B,RKLB,P,2027-01-15,70.0,2026-05-01,2026-05-11,10,14.86,9.5,1485.31,950.66,1.35,534.65,533.3,1,1,2026-05,CAUTIOUS_BULL,High,Put,Win
Account B,ROKU,P,2027-03-19,85.0,2026-04-14,2026-05-11,27,10.9,6.48,1089.32,648.66,1.34,440.65999999999997,439.32,1,1,2026-04,CAUTIOUS_BULL,Low,Put,Win
Account B,SHOP,P,2027-03-19,95.0,2026-02-27,2026-03-09,10,14.33,12.95,1432.34,1295.66,1.32,136.67999999999984,135.35999999999984,1,1,2026-02,EARLY_BULL,Medium,Put,Breakeven
Account B,SMR,P,2027-01-15,10.0,2026-05-06,2026-05-07,1,2.54,2.41,253.33,241.66,1.33,11.670000000000016,10.340000000000016,1,1,2026-05,CAUTIOUS_BULL,Medium,Put,Breakeven
Account B,TSM,P,2027-01-15,270.0,2026-03-09,2026-04-14,36,26.05,14.05,2604.34,1405.66,1.32,1198.68,1197.3600000000001,1,1,2026-03,EARLY_BULL,High,Put,Win
Account B,TSM,P,2027-01-15,280.0,2026-01-16,2026-04-24,98,23.9,13.5,2389.34,1350.66,1.32,1038.68,1037.3600000000001,1,1,2026-01,EARLY_BULL,High,Put,Win
Account B,TSM,P,2027-06-17,300.0,2026-04-14,2026-05-11,27,31.36,25.65,3135.28,2565.66,1.38,569.6200000000003,568.2400000000004,1,1,2026-04,CAUTIOUS_BULL,High,Put,Win
Account B,UBER,P,2026-08-21,72.5,2026-01-22,2026-05-06,104,4.3,3.65,429.34,365.66,1.32,63.67999999999995,62.35999999999995,1,1,2026-01,EARLY_BULL,Medium,Put,Breakeven
Account B,VST,P,2027-03-19,110.0,2026-03-09,2026-05-26,78,10.49,7.0,1048.34,700.66,1.32,347.67999999999995,346.35999999999996,1,1,2026-03,EARLY_BULL,High,Put,Win
Account B,XOM,P,2026-11-20,125.0,2026-05-01,2026-05-18,17,3.9,2.85,389.33,285.66,1.33,103.66999999999996,102.33999999999996,1,1,2026-05,CAUTIOUS_BULL,Medium,Put,Breakeven
Account B,ZS,P,2026-12-18,105.0,2026-02-27,2026-03-06,7,11.51,8.65,1150.34,865.66,1.32,284.67999999999995,283.35999999999996,1,1,2026-02,EARLY_BULL,High,Put,Win
Account C,ACHR,P,2027-01-15,7.0,2026-01-02,2026-01-12,10,1.88,1.56,187.34,156.66,1.32,30.680000000000007,29.360000000000007,1,1,2026-01,EARLY_BULL,High,Put,Breakeven
Account C,ALAB,P,2026-07-17,95.0,2026-02-19,2026-04-10,50,9.87,5.0,986.34,500.66,1.32,485.68,484.36,1,1,2026-02,EARLY_BULL,High,Put,Win
Account C,ALAB,P,2027-01-15,125.0,2026-04-14,2026-04-24,10,23.78,16.87,2377.29,1687.66,1.37,689.6299999999999,688.2599999999999,1,1,2026-04,CAUTIOUS_BULL,High,Put,Win
Account C,ALAB,P,2027-04-16,150.0,2026-05-01,2026-05-22,21,32.81,19.81,3280.27,1981.66,1.3900000000000001,1298.61,1297.2199999999998,1,1,2026-05,CAUTIOUS_BULL,High,Put,Win
Account C,ANET,P,2027-03-19,110.0,2026-04-10,2026-05-01,21,11.1,7.0,1109.32,700.66,1.34,408.65999999999997,407.32,1,1,2026-04,CAUTIOUS_BULL,High,Put,Win
Account C,ASTS,P,2027-01-15,75.0,2026-01-12,2026-05-18,126,22.55,21.35,2254.34,2135.66,1.32,118.68000000000029,117.3600000000003,1,1,2026-01,EARLY_BULL,Medium,Put,Breakeven
Account C,ATEN,P,2026-12-18,22.5,2026-04-14,2026-05-20,36,1.35,1.5,134.34,150.66,1.32,-16.319999999999993,-17.639999999999993,1,1,2026-04,CAUTIOUS_BULL,Low,Put,Breakeven
Account C,EXPE,P,2027-01-15,155.0,2026-02-19,2026-03-06,15,14.0,9.5,1399.34,950.66,1.32,448.67999999999995,447.35999999999996,1,1,2026-02,EARLY_BULL,Low,Put,Win
Account C,HOOD,P,2027-03-19,55.0,2026-04-10,2026-04-20,10,8.1,5.6,809.32,560.66,1.34,248.66000000000008,247.32000000000008,1,1,2026-04,CAUTIOUS_BULL,Medium,Put,Win
Account C,IBN,P,2027-01-15,23.0,2026-05-15,2026-05-18,3,0.95,1.15,94.34,115.66,1.32,-21.319999999999993,-22.639999999999993,1,1,2026-05,CAUTIOUS_BULL,Low,Put,Breakeven
Account C,INMD,C,2026-08-21,15.0,2026-01-05,2026-05-07,122,2.13,0.64,212.34,64.66,1.32,147.68,146.36,1,1,2026-01,EARLY_BULL,Low,Call,Breakeven
Account C,IONQ,P,2027-01-15,20.0,2026-03-09,2026-04-14,36,3.31,3.35,330.34,335.66,1.32,-5.32000000000005,-6.64000000000005,1,1,2026-03,EARLY_BULL,High,Put,Breakeven
Account C,IONQ,P,2026-11-20,25.0,2026-02-19,2026-02-25,6,5.46,5.21,545.34,521.66,1.32,23.680000000000064,22.360000000000063,1,1,2026-02,EARLY_BULL,High,Put,Breakeven
Account C,JD,P,2027-03-19,27.0,2026-04-24,2026-05-20,26,2.36,2.0,235.34,200.66,1.32,34.68000000000001,33.36000000000001,1,1,2026-04,CAUTIOUS_BULL,Medium,Put,Breakeven
Account C,LAC,P,2027-01-15,4.5,2026-05-12,2026-05-15,3,1.08,1.06,107.34,106.66,1.32,0.6800000000000068,-0.6399999999999932,1,1,2026-05,CAUTIOUS_BULL,Medium,Put,Breakeven
Account C,LAC,P,2028-01-21,5.0,2026-05-01,2026-05-06,5,1.67,1.62,166.34,162.66,1.32,3.680000000000007,2.3600000000000065,1,1,2026-05,CAUTIOUS_BULL,Medium,Put,Breakeven
Account C,MSFT,P,2027-06-17,370.0,2026-05-06,2026-05-29,23,26.58,21.0,2657.29,2100.66,1.37,556.6300000000001,555.2600000000001,1,1,2026-05,CAUTIOUS_BULL,Medium,Put,Win
Account C,NKE,C,2026-10-16,52.5,2026-04-01,2026-05-11,40,3.05,2.25,304.34,225.66,1.32,78.67999999999998,77.35999999999999,1,1,2026-04,CAUTIOUS_BULL,High,Call,Breakeven
Account C,QBTS,P,2027-03-19,15.0,2026-05-01,2026-05-22,21,2.24,2.4,223.34,240.66,1.32,-17.319999999999993,-18.639999999999993,1,1,2026-05,CAUTIOUS_BULL,Medium,Put,Breakeven
Account C,RIOT,P,2027-01-15,18.0,2026-05-18,2026-05-20,2,3.33,3.35,332.33,335.66,1.33,-3.330000000000041,-4.660000000000041,1,1,2026-05,CAUTIOUS_BULL,High,Put,Breakeven
Account C,RKLB,P,2027-01-15,60.0,2026-03-06,2026-05-07,62,14.23,9.41,1422.34,941.66,1.32,480.67999999999995,479.35999999999996,1,1,2026-03,EARLY_BULL,High,Put,Win
Account C,RKLB,P,2028-01-21,60.0,2026-04-21,2026-05-11,20,15.72,12.76,1571.31,1276.66,1.35,294.64999999999986,293.29999999999984,1,1,2026-04,CAUTIOUS_BULL,High,Put,Win
Account C,RKLB,P,2027-03-19,70.0,2026-05-07,2026-05-11,4,14.05,10.69,1404.31,1069.66,1.35,334.64999999999986,333.29999999999984,1,1,2026-05,CAUTIOUS_BULL,High,Put,Win
Account C,TSLA,P,2026-09-18,370.0,2026-01-05,2026-05-06,121,35.3,29.27,3529.34,2927.66,1.32,601.6800000000003,600.3600000000002,1,1,2026-01,EARLY_BULL,Medium,Put,Win
Account C,TWLO,C,2026-04-17,140.0,2026-01-21,2026-02-04,14,5.1,2.88,509.34,288.66,1.32,220.67999999999995,219.35999999999996,1,1,2026-01,EARLY_BULL,Medium,Call,Win
Account C,TWLO,C,2026-09-18,165.0,2026-01-26,2026-02-17,22,11.16,4.25,2230.67,425.66,1.9900000000000002,1805.01,1803.02,2,1,2026-01,EARLY_BULL,Medium,Call,Win
Account C,UBER,P,2027-01-15,65.0,2026-02-25,2026-05-01,65,6.33,4.98,632.34,498.66,1.32,133.68,132.36,1,1,2026-02,EARLY_BULL,Medium,Put,Breakeven
Account C,USAR,P,2027-01-15,17.0,2026-01-29,2026-04-21,82,3.55,3.59,354.34,359.66,1.32,-5.32000000000005,-6.64000000000005,1,1,2026-01,EARLY_BULL,High,Put,Breakeven
Account C,USAR,P,2028-01-21,17.0,2026-04-21,2026-04-24,3,6.24,6.6,623.33,660.66,1.33,-37.32999999999993,-38.659999999999926,1,1,2026-04,CAUTIOUS_BULL,High,Put,Breakeven
Fidelity Rahul,ACHR,P,2027-01-15,5.0,2026-01-20,2026-01-21,1,0.78,0.8,77.33,80.67,1.34,-3.3400000000000034,-4.680000000000003,1,1,2026-01,EARLY_BULL,High,Put,Breakeven
Fidelity Rahul,ADBE,C,2026-06-18,300.0,2026-02-24,2026-03-18,22,12.06,6.03,1205.33,603.67,1.34,601.66,600.3199999999999,1,1,2026-02,EARLY_BULL,High,Call,Win
Fidelity Rahul,ADBE,C,2026-12-18,360.0,2026-01-20,2026-02-24,35,22.89,14.34,2288.33,1434.67,1.34,853.6599999999999,852.3199999999998,1,1,2026-01,EARLY_BULL,High,Call,Win
Fidelity Rahul,AMZN,P,2027-01-15,165.0,2026-02-24,2026-04-09,44,8.9,5.42,889.33,542.67,1.34,346.6600000000001,345.3200000000001,1,1,2026-02,EARLY_BULL,High,Put,Win
Fidelity Rahul,AMZN,P,2027-03-19,210.0,2026-04-09,2026-04-29,20,18.7,11.05,1869.29,1105.67,1.38,763.6199999999999,762.2399999999999,1,1,2026-04,CAUTIOUS_BULL,High,Put,Win
Fidelity Rahul,AMZN,P,2026-12-18,225.0,2026-01-30,2026-04-29,89,20.48,11.82,2047.33,1182.67,1.34,864.6599999999999,863.3199999999998,1,1,2026-01,EARLY_BULL,High,Put,Win
Fidelity Rahul,CRWV,P,2027-03-19,90.0,2026-04-17,2026-05-06,19,18.31,17.0,1830.29,1700.67,1.38,129.6199999999999,128.2399999999999,1,1,2026-04,CAUTIOUS_BULL,Low,Put,Breakeven
Fidelity Rahul,EWY,P,2026-07-17,105.0,2026-01-21,2026-04-09,78,5.8,3.9,579.33,390.67,1.34,188.66000000000003,187.32000000000002,1,1,2026-01,EARLY_BULL,High,Put,Breakeven
Fidelity Rahul,EWZ,P,2027-03-19,35.0,2026-04-09,2026-04-20,11,2.78,2.43,277.33,243.67,1.34,33.66,32.31999999999999,1,1,2026-04,CAUTIOUS_BULL,Medium,Put,Breakeven
Fidelity Rahul,IONQ,P,2028-01-21,30.0,2026-04-20,2026-05-12,22,8.81,8.15,880.31,815.67,1.36,64.63999999999999,63.27999999999999,1,1,2026-04,CAUTIOUS_BULL,High,Put,Breakeven
Fidelity Rahul,IONQ,P,2027-03-19,35.0,2026-05-11,2026-05-12,1,6.78,6.73,677.31,673.67,1.36,3.6399999999999864,2.279999999999986,1,1,2026-05,CAUTIOUS_BULL,High,Put,Breakeven
Fidelity Rahul,IONQ,P,2028-01-21,35.0,2026-04-17,2026-05-04,17,12.16,11.44,1215.3,1144.67,1.37,70.62999999999988,69.25999999999988,1,1,2026-04,CAUTIOUS_BULL,High,Put,Breakeven
Fidelity Rahul,JD,C,2027-01-15,35.0,2026-01-12,2026-02-13,32,3.48,1.93,347.33,193.67,1.34,153.66,152.32,1,1,2026-01,EARLY_BULL,Medium,Call,Breakeven
Fidelity Rahul,JOBY,P,2027-03-19,8.0,2026-04-28,2026-05-11,13,1.78,1.64,177.33,164.67,1.34,12.660000000000025,11.320000000000025,1,1,2026-04,CAUTIOUS_BULL,Medium,Put,Breakeven
Fidelity Rahul,LAC,P,2028-01-21,4.5,2026-04-20,2026-04-28,8,1.45,1.67,144.33,167.67,1.34,-23.339999999999975,-24.679999999999975,1,1,2026-04,CAUTIOUS_BULL,Medium,Put,Breakeven
Fidelity Rahul,MU,P,2027-03-19,350.0,2026-03-18,2026-05-05,48,58.8,34.14,5879.33,3414.67,1.34,2464.66,2463.3199999999997,1,1,2026-03,EARLY_BULL,High,Put,Win
Fidelity Rahul,MU,P,2026-11-20,360.0,2026-01-30,2026-04-28,88,63.29,37.18,6328.33,3718.67,1.34,2609.66,2608.3199999999997,1,1,2026-01,EARLY_BULL,High,Put,Win
Fidelity Rahul,MU,P,2027-09-17,370.0,2026-04-28,2026-05-05,7,76.68,59.17,7667.17,5917.67,1.5,1749.5,1748.0,1,1,2026-04,CAUTIOUS_BULL,High,Put,Win
Fidelity Rahul,NBIS,P,2027-01-15,105.0,2026-04-15,2026-05-06,21,16.5,14.95,1649.29,1495.67,1.38,153.6199999999999,152.2399999999999,1,1,2026-04,CAUTIOUS_BULL,Medium,Put,Breakeven
Fidelity Rahul,NKE,C,2026-12-18,60.0,2026-03-16,2026-04-01,16,5.2,2.01,519.33,201.67,1.34,317.6600000000001,316.3200000000001,1,1,2026-03,EARLY_BULL,High,Call,Win
Fidelity Rahul,NKE,C,2027-03-19,60.0,2026-03-16,2026-04-01,16,6.42,2.84,641.33,284.67,1.34,356.66,355.32000000000005,1,1,2026-03,EARLY_BULL,High,Call,Win
Fidelity Rahul,NKE,C,2027-01-15,65.0,2026-03-04,2026-03-16,12,6.0,4.36,599.33,436.67,1.34,162.66000000000003,161.32000000000002,1,1,2026-03,EARLY_BULL,High,Call,Breakeven
Fidelity Rahul,NU,P,2027-01-15,15.0,2026-01-21,2026-01-29,8,1.53,1.31,152.33,131.67,1.34,20.660000000000025,19.320000000000025,1,1,2026-01,EARLY_BULL,Medium,Put,Breakeven
Fidelity Rahul,OKTA,C,2026-09-18,95.0,2026-01-02,2026-02-24,53,8.86,4.84,885.33,484.67,1.34,400.66,399.32000000000005,1,1,2026-01,EARLY_BULL,High,Call,Win
Fidelity Rahul,PYPL,C,2026-11-20,70.0,2026-01-02,2026-02-04,33,5.06,0.99,505.33,99.67,1.34,405.65999999999997,404.32,1,1,2026-01,EARLY_BULL,High,Call,Win
Fidelity Rahul,RGTI,P,2027-03-19,15.0,2026-05-04,2026-05-11,7,3.81,3.48,380.33,348.67,1.34,31.659999999999968,30.31999999999997,1,1,2026-05,CAUTIOUS_BULL,Medium,Put,Breakeven
Fidelity Rahul,RIOT,P,2027-01-15,10.0,2026-03-20,2026-03-25,5,2.02,1.75,201.33,175.67,1.34,25.660000000000025,24.320000000000025,1,1,2026-03,EARLY_BULL,High,Put,Breakeven
Fidelity Rahul,RIOT,P,2026-12-18,12.0,2026-02-02,2026-02-24,22,2.59,2.47,258.33,247.67,1.34,10.659999999999997,9.319999999999997,1,1,2026-02,EARLY_BULL,High,Put,Breakeven
Fidelity Rahul,RKLB,P,2027-01-15,60.0,2026-04-17,2026-05-08,21,9.5,7.1,949.31,710.67,1.36,238.64,237.27999999999997,1,1,2026-04,CAUTIOUS_BULL,High,Put,Win
Fidelity Rahul,RKT,P,2027-03-19,13.0,2026-03-16,2026-04-15,30,2.24,1.95,223.33,195.67,1.34,27.660000000000025,26.320000000000025,1,1,2026-03,EARLY_BULL,Low,Put,Breakeven
Fidelity Rahul,SMR,P,2027-01-15,9.0,2026-05-01,2026-05-06,5,2.05,1.9,408.65,381.35,2.7,27.299999999999955,24.599999999999955,2,2,2026-05,CAUTIOUS_BULL,Medium,Put,Breakeven
Fidelity Rahul,STNE,P,2027-01-15,12.0,2026-03-04,2026-04-15,42,1.5,1.29,149.33,129.67,1.34,19.660000000000025,18.320000000000025,1,1,2026-03,EARLY_BULL,Low,Put,Breakeven
Fidelity Rahul,TSM,P,2026-08-21,280.0,2026-01-21,2026-03-18,56,16.71,12.39,1670.33,1239.67,1.34,430.65999999999985,429.3199999999999,1,1,2026-01,EARLY_BULL,High,Put,Win
Fidelity Rahul,USAR,P,2027-01-15,10.0,2026-03-26,2026-04-09,14,1.69,1.4,168.33,140.67,1.34,27.660000000000025,26.320000000000025,1,1,2026-03,EARLY_BULL,High,Put,Breakeven
Fidelity Rahul,USAR,P,2027-01-15,15.0,2026-03-02,2026-03-18,16,3.71,3.59,370.33,359.67,1.34,10.659999999999968,9.319999999999968,1,1,2026-03,EARLY_BULL,High,Put,Breakeven
Fidelity Rahul,USAR,P,2028-01-21,15.0,2026-04-17,2026-04-28,11,5.69,5.01,568.31,501.67,1.36,66.63999999999993,65.27999999999993,1,1,2026-04,CAUTIOUS_BULL,High,Put,Breakeven
Fidelity Rajul,ACHR,P,2027-01-15,5.0,2026-03-10,2026-04-08,29,1.01,1.12,100.33,112.67,1.34,-12.340000000000003,-13.680000000000003,1,1,2026-03,EARLY_BULL,High,Put,Breakeven
Fidelity Rajul,ACHR,P,2027-01-15,5.0,2026-03-10,2026-04-08,29,0.88,1.12,87.33,112.67,1.34,-25.340000000000003,-26.680000000000003,1,1,2026-03,EARLY_BULL,High,Put,Breakeven
Fidelity Rajul,AMZN,P,2026-11-20,220.0,2026-02-02,2026-04-29,86,17.05,9.6,1704.33,960.67,1.34,743.66,742.3199999999999,1,1,2026-02,EARLY_BULL,High,Put,Win
Fidelity Rajul,APLD,P,2027-06-17,20.0,2026-04-08,2026-05-22,44,5.0,3.8,499.31,380.67,1.36,118.63999999999999,117.27999999999999,1,1,2026-04,CAUTIOUS_BULL,Medium,Put,Breakeven
Fidelity Rajul,ASTS,P,2027-03-19,80.0,2026-04-08,2026-05-22,44,22.86,21.0,2285.28,2100.67,1.3900000000000001,184.61000000000013,183.22000000000014,1,1,2026-04,CAUTIOUS_BULL,Medium,Put,Breakeven
Fidelity Rajul,FMC,C,2027-01-15,17.5,2026-02-19,2026-05-12,82,2.95,1.6,294.33,160.67,1.34,133.66,132.32,1,1,2026-02,EARLY_BULL,Low,Call,Breakeven
Fidelity Rajul,IONQ,P,2026-09-18,35.0,2026-04-20,2026-05-06,16,4.75,4.2,474.33,420.67,1.34,53.65999999999997,52.319999999999965,1,1,2026-04,CAUTIOUS_BULL,High,Put,Breakeven
Fidelity Rajul,MDXG,C,2026-06-18,5.0,2026-01-16,2026-04-08,82,1.27,0.31,126.33,31.02,0.6900000000000001,95.31,94.62,1,1,2026-01,EARLY_BULL,Low,Call,Breakeven
Fidelity Rajul,NFLX,P,2026-12-18,70.0,2026-02-02,2026-04-08,65,4.35,2.21,434.33,221.67,1.34,212.66,211.32,1,1,2026-02,EARLY_BULL,High,Put,Win
Fidelity Rajul,NVDA,P,2027-06-17,185.0,2026-04-17,2026-05-20,33,25.0,18.72,2499.27,1872.67,1.4,626.5999999999999,625.1999999999999,1,1,2026-04,CAUTIOUS_BULL,High,Put,Win
Fidelity Rajul,OKLO,P,2028-01-21,50.0,2026-04-29,2026-05-20,21,16.3,15.87,1629.29,1587.67,1.38,41.61999999999989,40.23999999999989,1,1,2026-04,CAUTIOUS_BULL,Low,Put,Breakeven
Fidelity Rajul,SMR,P,2028-01-21,10.0,2026-04-29,2026-05-20,21,4.15,4.53,414.33,453.67,1.34,-39.34000000000003,-40.680000000000035,1,1,2026-04,CAUTIOUS_BULL,Medium,Put,Breakeven
